<?xml version="1.0" encoding="utf-8"?>
<androidx.coordinatorlayout.widget.CoordinatorLayout xmlns:android="http://schemas.android.com/apk/res/android" xmlns:app="http://schemas.android.com/apk/res-auto" xmlns:aapt="http://schemas.android.com/aapt" android:id="@+id/search_layout" android:layout_width="match_parent" android:layout_height="match_parent">
    <com.google.android.material.appbar.AppBarLayout android:id="@+id/app_bar" android:layout_width="match_parent" android:layout_height="match_parent" app:expanded="false" style="@style/Widget.Design.AppBarLayout">
        <com.google.android.material.appbar.CollapsingToolbarLayout android:id="@+id/collapsing_app_bar" android:layout_width="match_parent" android:layout_height="match_parent" app:layout_scrollFlags="3" app:title="@string/search_all_tags_header_text" style="@style/AppCollapsingToolbarStyle">
            <androidx.appcompat.widget.Toolbar android:layout_gravity="bottom" android:id="@+id/toolbar" android:layout_width="match_parent" android:layout_height="?attr/actionBarSize" app:layout_collapseMode="1" app:navigationIcon="?attr/homeAsUpIndicator" app:title="@string/search_all_tags_header_text"/>
        </com.google.android.material.appbar.CollapsingToolbarLayout>
    </com.google.android.material.appbar.AppBarLayout>
    <com.samsung.accessory.hearablemgr.common.p010ui.ResponsiveNestedScrollView android:layout_gravity="top|center_vertical|center_horizontal|center" android:id="@+id/nested_scroll" android:scrollbars="vertical" android:layout_width="match_parent" android:layout_height="match_parent" app:layout_behavior="@string/appbar_scrolling_view_behavior">
        <RelativeLayout android:layout_width="match_parent" android:layout_height="match_parent">
            <com.samsung.accessory.hearablemgr.common.p010ui.ResponsiveWidthLayout android:layout_width="match_parent" android:layout_height="match_parent" android:layout_centerHorizontal="true">
                <com.samsung.accessory.hearablemgr.common.p010ui.RoundedCornerLayout android:layout_width="match_parent" android:layout_height="match_parent">
                    <RelativeLayout android:id="@+id/suggestion_layout" android:visibility="visible" android:layout_width="match_parent" android:layout_height="wrap_content">
                        <androidx.cardview.widget.CardView android:id="@+id/history_card_view" android:layout_width="match_parent" android:layout_height="wrap_content" app:cardBackgroundColor="@color/contents_background" app:cardCornerRadius="26dp" app:cardElevation="0dp">
                            <androidx.recyclerview.widget.RecyclerView android:id="@+id/suggestionRecyclerView" android:layout_width="match_parent" android:layout_height="wrap_content"/>
                        </androidx.cardview.widget.CardView>
                    </RelativeLayout>
                </com.samsung.accessory.hearablemgr.common.p010ui.RoundedCornerLayout>
            </com.samsung.accessory.hearablemgr.common.p010ui.ResponsiveWidthLayout>
        </RelativeLayout>
    </com.samsung.accessory.hearablemgr.common.p010ui.ResponsiveNestedScrollView>
</androidx.coordinatorlayout.widget.CoordinatorLayout>
