<?xml version="1.0" encoding="utf-8"?>
<androidx.coordinatorlayout.widget.CoordinatorLayout xmlns:android="http://schemas.android.com/apk/res/android" xmlns:app="http://schemas.android.com/apk/res-auto" xmlns:aapt="http://schemas.android.com/aapt" android:id="@+id/root_layout" android:layout_width="match_parent" android:layout_height="match_parent">
    <com.google.android.material.appbar.AppBarLayout android:id="@+id/app_bar" android:layout_width="match_parent" android:layout_height="match_parent" app:expanded="false" style="@style/Widget.Design.AppBarLayout">
        <com.google.android.material.appbar.CollapsingToolbarLayout android:id="@+id/collapsing_app_bar" android:layout_width="match_parent" android:layout_height="match_parent" app:layout_scrollFlags="3" app:title="@string/advanced_spatial_audio" style="@style/AppCollapsingToolbarStyle">
            <androidx.appcompat.widget.Toolbar android:layout_gravity="bottom" android:id="@+id/toolbar" android:layout_width="match_parent" android:layout_height="?attr/actionBarSize" app:layout_collapseMode="1" app:navigationIcon="?attr/homeAsUpIndicator" app:title="@string/advanced_spatial_audio"/>
        </com.google.android.material.appbar.CollapsingToolbarLayout>
    </com.google.android.material.appbar.AppBarLayout>
    <com.samsung.accessory.hearablemgr.common.p010ui.ResponsiveNestedScrollView android:layout_gravity="top|center_vertical|center_horizontal|center" android:id="@+id/nested_scroll" android:scrollbars="vertical" android:layout_width="match_parent" android:layout_height="match_parent" app:layout_behavior="@string/appbar_scrolling_view_behavior">
        <RelativeLayout android:layout_width="match_parent" android:layout_height="match_parent">
            <com.samsung.accessory.hearablemgr.common.p010ui.ResponsiveWidthLayout android:layout_width="match_parent" android:layout_height="match_parent" android:layout_centerHorizontal="true">
                <com.samsung.accessory.hearablemgr.common.p010ui.RoundedCornerLayout android:layout_width="match_parent" android:layout_height="match_parent">
                    <LinearLayout android:orientation="vertical" android:layout_width="match_parent" android:layout_height="wrap_content">
                        <androidx.appcompat.widget.SeslSwitchBar android:id="@+id/switch_bar" android:layout_width="match_parent" android:layout_height="wrap_content"/>
                        <com.samsung.accessory.hearablemgr.common.p010ui.RoundedCornerLayout android:id="@+id/layout_head_tracking" android:layout_width="match_parent" android:layout_height="wrap_content" android:layout_marginTop="20dp">
                            <FrameLayout android:background="@color/contents_background" android:layout_width="match_parent" android:layout_height="wrap_content">
                                <LinearLayout android:gravity="center_vertical" android:orientation="horizontal" android:background="?android:attr/selectableItemBackground" android:paddingTop="14dp" android:paddingBottom="14dp" android:layout_width="match_parent" android:layout_height="wrap_content" android:paddingStart="24dp" android:paddingEnd="24dp">
                                    <LinearLayout android:orientation="vertical" android:focusable="false" android:layout_width="0dp" android:layout_height="wrap_content" android:layout_weight="1">
                                        <TextView android:textAppearance="@style/ListItemTitleTextAppearance" android:layout_width="wrap_content" android:layout_height="wrap_content" android:text="@string/head_tracking"/>
                                        <TextView android:textAppearance="@style/ListItemDescriptionTextAppearance" android:layout_width="wrap_content" android:layout_height="wrap_content" android:text="@string/head_tracking_description"/>
                                    </LinearLayout>
                                    <androidx.appcompat.widget.SwitchCompat android:id="@+id/switch_head_tracking" android:layout_width="wrap_content" android:layout_height="wrap_content" android:layout_marginStart="15dp"/>
                                </LinearLayout>
                            </FrameLayout>
                        </com.samsung.accessory.hearablemgr.common.p010ui.RoundedCornerLayout>
                        <include layout="@layout/layout_spatial_audio_contents"/>
                    </LinearLayout>
                </com.samsung.accessory.hearablemgr.common.p010ui.RoundedCornerLayout>
            </com.samsung.accessory.hearablemgr.common.p010ui.ResponsiveWidthLayout>
        </RelativeLayout>
    </com.samsung.accessory.hearablemgr.common.p010ui.ResponsiveNestedScrollView>
    <ImageView android:layout_gravity="bottom|right|center_vertical|center_horizontal|center|end" android:layout_width="26dp" android:layout_height="26dp" android:src="@drawable/rc_top_left" app:layout_anchor="@+id/nested_scroll" app:layout_anchorGravity="800033"/>
    <ImageView android:layout_gravity="bottom|left|center_vertical|center_horizontal|center|start" android:layout_width="26dp" android:layout_height="26dp" android:src="@drawable/rc_top_right" app:layout_anchor="@+id/nested_scroll" app:layout_anchorGravity="800035"/>
    <ImageView android:layout_gravity="top|right|center_vertical|center_horizontal|center|end" android:layout_width="26dp" android:layout_height="26dp" android:src="@drawable/rc_bottom_left" app:layout_anchor="@+id/nested_scroll" app:layout_anchorGravity="800053"/>
    <ImageView android:layout_gravity="top|left|center_vertical|center_horizontal|center|start" android:layout_width="26dp" android:layout_height="26dp" android:src="@drawable/rc_bottom_right" app:layout_anchor="@+id/nested_scroll" app:layout_anchorGravity="800055"/>
</androidx.coordinatorlayout.widget.CoordinatorLayout>
