<?xml version="1.0" encoding="utf-8"?>
<com.samsung.accessory.hearablemgr.module.home.drawer.NavigationDrawer xmlns:android="http://schemas.android.com/apk/res/android" xmlns:app="http://schemas.android.com/apk/res-auto" xmlns:aapt="http://schemas.android.com/aapt" android:gravity="center_horizontal" android:layout_gravity="start" android:id="@+id/navigation" android:background="@android:color/transparent" android:fitsSystemWindows="false" android:layout_width="match_parent" android:layout_height="match_parent">
    <com.samsung.accessory.hearablemgr.common.p010ui.RoundedCornerEndOnlyLayout android:layout_width="match_parent" android:layout_height="match_parent" android:layout_marginTop="16dp">
        <LinearLayout android:orientation="vertical" android:background="@color/contents_background" android:layout_width="match_parent" android:layout_height="match_parent">
            <RelativeLayout android:layout_width="match_parent" android:layout_height="70dp">
                <ImageView android:id="@+id/image_gw_logo" android:layout_width="wrap_content" android:layout_height="wrap_content" android:layout_marginTop="18dp" android:src="@drawable/home_drawer_logo_gw" android:tint="@color/color_list_item_text" android:layout_marginStart="30dp"/>
                <ImageView android:id="@+id/image_drawer_setting" android:background="@drawable/background_default_ripple" android:layout_width="wrap_content" android:layout_height="wrap_content" android:layout_marginTop="20dp" android:src="@drawable/drawer_setting" android:layout_alignParentTop="true" android:layout_marginEnd="28dp" android:layout_alignParentEnd="true"/>
                <ImageView android:id="@+id/image_badge_dot" android:layout_width="wrap_content" android:layout_height="wrap_content" android:layout_marginTop="-5dp" android:src="@drawable/badge_dot" android:layout_alignTop="@+id/image_drawer_setting" android:layout_marginEnd="-5dp" android:layout_alignEnd="@+id/image_drawer_setting"/>
            </RelativeLayout>
            <com.samsung.accessory.hearablemgr.common.p010ui.DottedLineView android:layout_width="match_parent" android:layout_height="wrap_content" android:layout_marginStart="@dimen/drawer_margin_start" android:layout_marginEnd="@dimen/list_item_content_inset" app:dotColor="@color/color_dot_line"/>
            <ListView android:id="@+id/list_devices" android:visibility="visible" android:layout_width="match_parent" android:layout_height="match_parent" android:divider="@null"/>
        </LinearLayout>
    </com.samsung.accessory.hearablemgr.common.p010ui.RoundedCornerEndOnlyLayout>
</com.samsung.accessory.hearablemgr.module.home.drawer.NavigationDrawer>
