<?xml version="1.0" encoding="utf-8"?>
<androidx.coordinatorlayout.widget.CoordinatorLayout xmlns:android="http://schemas.android.com/apk/res/android" xmlns:app="http://schemas.android.com/apk/res-auto" xmlns:aapt="http://schemas.android.com/aapt" android:layout_width="match_parent" android:layout_height="match_parent">
    <com.google.android.material.appbar.AppBarLayout android:id="@+id/app_bar" android:layout_width="match_parent" android:layout_height="match_parent" app:expanded="false" style="@style/Widget.Design.AppBarLayout">
        <com.google.android.material.appbar.CollapsingToolbarLayout android:id="@+id/collapsing_app_bar" android:layout_width="match_parent" android:layout_height="match_parent" app:layout_scrollFlags="3" app:title="@string/earbuds_settings" style="@style/AppCollapsingToolbarStyle">
            <androidx.appcompat.widget.Toolbar android:layout_gravity="bottom" android:id="@+id/toolbar" android:layout_width="match_parent" android:layout_height="?attr/actionBarSize" app:layout_collapseMode="1" app:navigationIcon="?attr/homeAsUpIndicator" app:title="@string/earbuds_settings" app:titleMarginEnd="0dp">
                <ImageView android:layout_gravity="end" android:id="@+id/search_button" android:background="@drawable/list_circle_ripple_effect" android:layout_width="@dimen/main_info_toolbar_icon_size" android:layout_height="@dimen/main_info_toolbar_icon_size" android:src="@drawable/sesl_ic_search_api" android:tint="@color/main_info_navigate_color" android:layout_centerVertical="true" android:contentDescription="@string/search_bar_hint_text" android:paddingStart="12dp" android:paddingEnd="12dp" android:layout_marginStart="8dp" android:layout_marginEnd="10dp"/>
            </androidx.appcompat.widget.Toolbar>
        </com.google.android.material.appbar.CollapsingToolbarLayout>
    </com.google.android.material.appbar.AppBarLayout>
    <com.samsung.accessory.hearablemgr.common.p010ui.ResponsiveNestedScrollView android:layout_gravity="top|center_vertical|center_horizontal|center" android:id="@+id/nested_scroll" android:scrollbars="vertical" android:layout_width="match_parent" android:layout_height="match_parent" app:layout_behavior="@string/appbar_scrolling_view_behavior">
        <RelativeLayout android:layout_width="match_parent" android:layout_height="match_parent">
            <com.samsung.accessory.hearablemgr.common.p010ui.ResponsiveWidthLayout android:layout_width="match_parent" android:layout_height="match_parent" android:layout_centerHorizontal="true">
                <LinearLayout android:orientation="vertical" android:layout_width="match_parent" android:layout_height="wrap_content">
                    <FrameLayout android:id="@+id/main_content_frame" android:layout_width="match_parent" android:layout_height="wrap_content"/>
                    <com.samsung.accessory.hearablemgr.common.p010ui.RoundedCornerLayout android:layout_width="match_parent" android:layout_height="wrap_content" android:layout_marginTop="@dimen/menu_group_margin_top" android:layout_marginBottom="@dimen/menu_group_margin_top">
                        <LinearLayout android:orientation="vertical" android:background="@color/contents_background" android:layout_width="match_parent" android:layout_height="wrap_content">
                            <RelativeLayout android:id="@+id/layout_item_software_update" android:background="?android:attr/selectableItemBackground" android:layout_width="match_parent" android:layout_height="wrap_content" android:minHeight="@dimen/list_item_1line_min_height">
                                <ImageView android:id="@+id/image_icon_software_update" android:layout_width="@dimen/menu_icon_size" android:layout_height="@dimen/menu_icon_size" android:src="@drawable/home_settings_ic_earbuds_software" android:layout_centerVertical="true" android:layout_marginStart="@dimen/menu_icon_margin_start"/>
                                <LinearLayout android:gravity="center_vertical" android:orientation="vertical" android:paddingTop="@dimen/list_item_text_top_bottom_padding" android:paddingBottom="@dimen/list_item_text_top_bottom_padding" android:layout_width="match_parent" android:layout_height="wrap_content" android:layout_centerVertical="true" android:layout_marginStart="@dimen/menu_text_margin_start" android:layout_toEndOf="@+id/image_icon_software_update">
                                    <LinearLayout android:orientation="horizontal" android:layout_width="wrap_content" android:layout_height="wrap_content">
                                        <TextView android:textAppearance="@style/ListItemTitleTextAppearance" android:id="@+id/text_title_software_update" android:layout_width="wrap_content" android:layout_height="wrap_content" android:text="@string/card_menu_earbuds_software_update"/>
                                        <LinearLayout android:layout_width="wrap_content" android:layout_height="wrap_content" android:layout_toEndOf="@+id/text_title_software_update">
                                            <TextView android:layout_gravity="top" android:id="@+id/badge_fota_notification" android:visibility="visible" android:layout_width="10dp" android:layout_height="10dp" style="@style/BadgeForNotification"/>
                                        </LinearLayout>
                                    </LinearLayout>
                                </LinearLayout>
                            </RelativeLayout>
                            <View android:id="@+id/view_divider_above_item_diagnostics" android:background="@color/basic_divider_color" android:visibility="gone" android:layout_width="match_parent" android:layout_height="@dimen/list_item_divider_height" android:layout_marginStart="@dimen/menu_divider_margin_start" android:layout_marginEnd="@dimen/menu_divider_margin_end"/>
                            <RelativeLayout android:id="@+id/layout_item_diagnostics" android:background="?android:attr/selectableItemBackground" android:visibility="gone" android:layout_width="match_parent" android:layout_height="wrap_content" android:minHeight="@dimen/list_item_1line_min_height">
                                <ImageView android:id="@+id/image_icon_diagnostics" android:layout_width="@dimen/menu_icon_size" android:layout_height="@dimen/menu_icon_size" android:src="@drawable/ic_device_care" android:layout_centerVertical="true" android:layout_marginStart="@dimen/menu_icon_margin_start"/>
                                <LinearLayout android:gravity="center_vertical" android:orientation="vertical" android:paddingTop="@dimen/list_item_text_top_bottom_padding" android:paddingBottom="@dimen/list_item_text_top_bottom_padding" android:layout_width="match_parent" android:layout_height="wrap_content" android:layout_centerVertical="true" android:paddingEnd="@dimen/list_item_content_inset" android:layout_marginStart="@dimen/menu_text_margin_start" android:layout_toEndOf="@+id/image_icon_diagnostics">
                                    <TextView android:textAppearance="@style/ListItemTitleTextAppearance" android:id="@+id/text_title_diagnostics" android:layout_width="wrap_content" android:layout_height="wrap_content" android:text="@string/diagnostics"/>
                                </LinearLayout>
                            </RelativeLayout>
                            <View android:background="@color/basic_divider_color" android:layout_width="match_parent" android:layout_height="@dimen/list_item_divider_height" android:layout_marginStart="@dimen/menu_divider_margin_start" android:layout_marginEnd="@dimen/menu_divider_margin_end"/>
                            <RelativeLayout android:id="@+id/layout_item_about_earbuds" android:background="?android:attr/selectableItemBackground" android:layout_width="match_parent" android:layout_height="wrap_content" android:minHeight="@dimen/list_item_1line_min_height">
                                <ImageView android:id="@+id/image_icon_about_earbuds" android:layout_width="@dimen/menu_icon_size" android:layout_height="@dimen/menu_icon_size" android:src="@drawable/home_settings_ic_about_watch" android:layout_centerVertical="true" android:layout_marginStart="@dimen/menu_icon_margin_start"/>
                                <LinearLayout android:gravity="center_vertical" android:orientation="vertical" android:paddingTop="@dimen/list_item_text_top_bottom_padding" android:paddingBottom="@dimen/list_item_text_top_bottom_padding" android:layout_width="match_parent" android:layout_height="wrap_content" android:layout_centerVertical="true" android:paddingEnd="@dimen/list_item_content_inset" android:layout_marginStart="@dimen/menu_text_margin_start" android:layout_toEndOf="@+id/image_icon_about_earbuds">
                                    <TextView android:textAppearance="@style/ListItemTitleTextAppearance" android:id="@+id/text_title_about_earbuds" android:layout_width="wrap_content" android:layout_height="wrap_content" android:text="@string/card_menu_about_earbuds"/>
                                </LinearLayout>
                            </RelativeLayout>
                        </LinearLayout>
                    </com.samsung.accessory.hearablemgr.common.p010ui.RoundedCornerLayout>
                </LinearLayout>
            </com.samsung.accessory.hearablemgr.common.p010ui.ResponsiveWidthLayout>
        </RelativeLayout>
    </com.samsung.accessory.hearablemgr.common.p010ui.ResponsiveNestedScrollView>
    <ImageView android:layout_gravity="bottom|right|center_vertical|center_horizontal|center|end" android:layout_width="26dp" android:layout_height="26dp" android:src="@drawable/rc_top_left" app:layout_anchor="@+id/nested_scroll" app:layout_anchorGravity="800033"/>
    <ImageView android:layout_gravity="bottom|left|center_vertical|center_horizontal|center|start" android:layout_width="26dp" android:layout_height="26dp" android:src="@drawable/rc_top_right" app:layout_anchor="@+id/nested_scroll" app:layout_anchorGravity="800035"/>
    <ImageView android:layout_gravity="top|right|center_vertical|center_horizontal|center|end" android:layout_width="26dp" android:layout_height="26dp" android:src="@drawable/rc_bottom_left" app:layout_anchor="@+id/nested_scroll" app:layout_anchorGravity="800053"/>
    <ImageView android:layout_gravity="top|left|center_vertical|center_horizontal|center|start" android:layout_width="26dp" android:layout_height="26dp" android:src="@drawable/rc_bottom_right" app:layout_anchor="@+id/nested_scroll" app:layout_anchorGravity="800055"/>
</androidx.coordinatorlayout.widget.CoordinatorLayout>
