<?xml version="1.0" encoding="utf-8"?>
<LinearLayout xmlns:android="http://schemas.android.com/apk/res/android" xmlns:app="http://schemas.android.com/apk/res-auto" xmlns:aapt="http://schemas.android.com/aapt" android:orientation="vertical" android:layout_width="match_parent" android:layout_height="wrap_content">
    <TextView android:textAppearance="@style/SubheaderTextAppearance" android:layout_width="wrap_content" android:layout_height="wrap_content" android:layout_marginTop="@dimen/sub_header_top_padding" android:layout_marginBottom="@dimen/sub_header_bottom_padding" android:text="@string/settings_touchpad" android:layout_marginStart="@dimen/list_item_content_inset" android:layout_marginEnd="@dimen/list_item_content_inset"/>
    <com.samsung.accessory.hearablemgr.common.p010ui.RoundedCornerLayout android:layout_width="match_parent" android:layout_height="wrap_content" android:importantForAccessibility="no">
        <FrameLayout android:background="@color/contents_background" android:layout_width="match_parent" android:layout_height="wrap_content" android:importantForAccessibility="no">
            <LinearLayout android:orientation="vertical" android:layout_width="match_parent" android:layout_height="wrap_content" android:importantForAccessibility="no">
                <androidx.constraintlayout.widget.ConstraintLayout android:id="@+id/layout_block_touches" android:background="?android:attr/selectableItemBackground" android:layout_width="match_parent" android:layout_height="wrap_content" android:minHeight="56dp" android:soundEffectsEnabled="false" android:importantForAccessibility="yes">
                    <ImageView android:id="@+id/block_touches_icon" android:layout_width="@dimen/menu_icon_size" android:layout_height="@dimen/menu_icon_size" android:src="@drawable/home_settings_ic_block_touches" android:layout_centerVertical="true" android:layout_marginStart="@dimen/menu_icon_margin_start" app:layout_constraintBottom_toBottomOf="0" app:layout_constraintEnd_toStartOf="@+id/layout_block_touches_text" app:layout_constraintStart_toStartOf="0" app:layout_constraintTop_toTopOf="0"/>
                    <LinearLayout android:gravity="center_vertical" android:orientation="vertical" android:id="@+id/layout_block_touches_text" android:paddingTop="@dimen/list_item_text_top_bottom_padding" android:paddingBottom="@dimen/list_item_text_top_bottom_padding" android:layout_width="0dp" android:layout_height="wrap_content" android:layout_marginStart="@dimen/menu_text_margin_start" android:layout_marginEnd="8dp" app:layout_constraintBottom_toBottomOf="0" app:layout_constraintEnd_toStartOf="@+id/switch_block_touches" app:layout_constraintStart_toEndOf="@+id/block_touches_icon" app:layout_constraintTop_toTopOf="0">
                        <TextView android:id="@+id/text_block_touches_title" android:layout_width="wrap_content" android:layout_height="wrap_content" android:text="@string/settings_touchpad_menu1" android:textDirection="locale" style="@style/ListItemTitleTextAppearance"/>
                    </LinearLayout>
                    <com.samsung.accessory.hearablemgr.common.p010ui.RecycleAnimationSwitchCompat android:id="@+id/switch_block_touches" android:layout_width="43dp" android:layout_height="27dp" android:soundEffectsEnabled="false" android:layout_marginEnd="24dp" app:layout_constraintBottom_toBottomOf="0" app:layout_constraintEnd_toEndOf="0" app:layout_constraintTop_toTopOf="0"/>
                </androidx.constraintlayout.widget.ConstraintLayout>
                <View android:background="@color/basic_divider_color" android:layout_width="match_parent" android:layout_height="@dimen/list_item_divider_height" android:layout_marginStart="64dp" android:layout_marginEnd="@dimen/list_item_divider_inset"/>
                <RelativeLayout android:id="@+id/layout_touch_and_hold" android:background="?android:attr/selectableItemBackground" android:layout_width="match_parent" android:layout_height="wrap_content" android:minHeight="@dimen/list_item_1line_min_height" android:importantForAccessibility="yes">
                    <ImageView android:id="@+id/touch_and_hold_icon" android:layout_width="@dimen/menu_icon_size" android:layout_height="@dimen/menu_icon_size" android:src="@drawable/home_settings_ic_touch_and_hold" android:layout_centerVertical="true" android:layout_marginStart="@dimen/menu_icon_margin_start"/>
                    <LinearLayout android:gravity="center_vertical" android:orientation="vertical" android:paddingTop="@dimen/list_item_text_top_bottom_padding" android:paddingBottom="@dimen/list_item_text_top_bottom_padding" android:layout_width="match_parent" android:layout_height="wrap_content" android:paddingEnd="@dimen/list_item_content_inset" android:layout_marginStart="@dimen/menu_text_margin_start" android:layout_toEndOf="@+id/touch_and_hold_icon">
                        <TextView android:id="@+id/touch_and_hold_main_txt" android:layout_width="wrap_content" android:layout_height="wrap_content" android:text="@string/settings_touchpad_option_menu" style="@style/ListItemTitleTextAppearance"/>
                        <TextView android:textSize="13sp" android:textColor="@color/color_primary_dark" android:id="@+id/touch_and_hold_sub_txt1" android:layout_width="wrap_content" android:layout_height="wrap_content" android:text="@string/touch_and_hold_option_left" android:includeFontPadding="true" android:fontFamily="@string/roboto_regular"/>
                        <TextView android:textSize="13sp" android:textColor="@color/color_primary_dark" android:id="@+id/touch_and_hold_sub_txt2" android:layout_width="wrap_content" android:layout_height="wrap_content" android:text="@string/touch_and_hold_option_right" android:includeFontPadding="true" android:fontFamily="@string/roboto_regular"/>
                    </LinearLayout>
                </RelativeLayout>
            </LinearLayout>
        </FrameLayout>
    </com.samsung.accessory.hearablemgr.common.p010ui.RoundedCornerLayout>
</LinearLayout>
