<?xml version="1.0" encoding="utf-8"?>
<vector xmlns:android="http://schemas.android.com/apk/res/android" xmlns:app="http://schemas.android.com/apk/res-auto" xmlns:aapt="http://schemas.android.com/aapt" android:height="96dp" android:width="96dp" android:viewportWidth="96" android:viewportHeight="96">
    <group android:name="s5" android:pivotX="0" android:pivotY="0" android:scaleX="1" android:scaleY="1" android:rotation="0" android:translateX="48" android:translateY="48" aapt:layer_name="container">
        <group android:name="s5pg1" android:pivotX="0" android:pivotY="0" android:scaleX="4" android:scaleY="4" android:rotation="0" android:translateX="0" android:translateY="0" aapt:layer_name="Rectangle">
            <path android:name="s5pg1p10" android:fillColor="#ffffff" android:pathData="M 30 -30 C 30 -30 30 30 30 30 C 30 30 30 30 30 30 C 30 30 -30 30 -30 30 C -30 30 -30 30 -30 30 C -30 30 -30 -30 -30 -30 C -30 -30 -30 -30 -30 -30 C -30 -30 30 -30 30 -30 C 30 -30 30 -30 30 -30 Z" android:fillAlpha="0" aapt:layer_name="Rectangle Path 1"/>
        </group>
    </group>
    <group android:name="s5s4" android:pivotX="0" android:pivotY="0" android:scaleX="1" android:scaleY="1" android:rotation="0" android:translateX="48" android:translateY="48" aapt:layer_name="dot4 ParentLink">
        <group android:name="s4" android:pivotX="0" android:pivotY="0" android:scaleX="1" android:scaleY="1" android:rotation="0" android:translateX="35" android:translateY="0" aapt:layer_name="dot4">
            <group android:name="s4pg1" android:pivotX="0" android:pivotY="0" android:scaleX="4" android:scaleY="4" android:rotation="0" android:translateX="0" android:translateY="0" aapt:layer_name="Oval Copy 16">
                <path android:name="s4pg1p10" android:fillColor="?attr/progressCircleDotColor1" android:pathData="M 0 -2.25 C 1.243 -2.25 2.25 -1.243 2.25 0 C 2.25 1.243 1.243 2.25 0 2.25 C -1.243 2.25 -2.25 1.243 -2.25 0 C -2.25 -1.243 -1.243 -2.25 0 -2.25 Z" android:fillAlpha="1" aapt:layer_name="Ellipse Path 1"/>
            </group>
        </group>
    </group>
    <group android:name="s5s3" android:pivotX="0" android:pivotY="0" android:scaleX="1" android:scaleY="1" android:rotation="0" android:translateX="48" android:translateY="48" aapt:layer_name="dot3 ParentLink">
        <group android:name="s3" android:pivotX="0" android:pivotY="0" android:scaleX="1" android:scaleY="1" android:rotation="0" android:translateX="0" android:translateY="35" aapt:layer_name="dot3">
            <group android:name="s3pg1" android:pivotX="0" android:pivotY="0" android:scaleX="4" android:scaleY="4" android:rotation="0" android:translateX="0" android:translateY="0" aapt:layer_name="Oval Copy 14">
                <path android:name="s3pg1p10" android:fillColor="?attr/progressCircleDotColor2" android:pathData="M 0 -2.25 C 1.243 -2.25 2.25 -1.243 2.25 0 C 2.25 1.243 1.243 2.25 0 2.25 C -1.243 2.25 -2.25 1.243 -2.25 0 C -2.25 -1.243 -1.243 -2.25 0 -2.25 Z" android:fillAlpha="1" aapt:layer_name="Ellipse Path 1"/>
            </group>
        </group>
    </group>
    <group android:name="s5s2" android:pivotX="0" android:pivotY="0" android:scaleX="1" android:scaleY="1" android:rotation="0" android:translateX="48" android:translateY="48" aapt:layer_name="dot2 ParentLink">
        <group android:name="s2" android:pivotX="0" android:pivotY="0" android:scaleX="1" android:scaleY="1" android:rotation="0" android:translateX="-35" android:translateY="0" aapt:layer_name="dot2">
            <group android:name="s2pg1" android:pivotX="0" android:pivotY="0" android:scaleX="4" android:scaleY="4" android:rotation="0" android:translateX="0" android:translateY="0" aapt:layer_name="Oval Copy 16">
                <path android:name="s2pg1p10" android:fillColor="?attr/progressCircleDotColor2" android:pathData="M 0 -2.25 C 1.243 -2.25 2.25 -1.243 2.25 0 C 2.25 1.243 1.243 2.25 0 2.25 C -1.243 2.25 -2.25 1.243 -2.25 0 C -2.25 -1.243 -1.243 -2.25 0 -2.25 Z" android:fillAlpha="1" aapt:layer_name="Ellipse Path 1"/>
            </group>
        </group>
    </group>
    <group android:name="s5s1" android:pivotX="0" android:pivotY="0" android:scaleX="1" android:scaleY="1" android:rotation="0" android:translateX="48" android:translateY="48" aapt:layer_name="dot1 ParentLink">
        <group android:name="s1" android:pivotX="0" android:pivotY="0" android:scaleX="1" android:scaleY="1" android:rotation="0" android:translateX="0" android:translateY="-35" aapt:layer_name="dot1">
            <group android:name="s1pg1" android:pivotX="0" android:pivotY="0" android:scaleX="4" android:scaleY="4" android:rotation="0" android:translateX="0" android:translateY="0" aapt:layer_name="Oval Copy 15">
                <path android:name="s1pg1p10" android:fillColor="?attr/progressCircleDotColor2" android:pathData="M 0 -2.25 C 1.243 -2.25 2.25 -1.243 2.25 0 C 2.25 1.243 1.243 2.25 0 2.25 C -1.243 2.25 -2.25 1.243 -2.25 0 C -2.25 -1.243 -1.243 -2.25 0 -2.25 Z" android:fillAlpha="1" aapt:layer_name="Ellipse Path 1"/>
            </group>
        </group>
    </group>
</vector>
