{"v":"5.7.6","fr":60,"ip":0,"op":61,"w":300,"h":300,"nm":"Deactivate_Off_Right","ddd":0,"assets":[],"layers":[{"ddd":0,"ind":1,"ty":4,"nm":"ic_off_body","sr":1,"ks":{"o":{"a":1,"k":[{"i":{"x":[0.833],"y":[0.833]},"o":{"x":[0.167],"y":[0.167]},"t":0,"s":[100]},{"t":10,"s":[30]}],"ix":11},"r":{"a":0,"k":0,"ix":10},"p":{"a":0,"k":[150.047,148.198,0],"ix":2,"l":2},"a":{"a":0,"k":[13,12.5,0],"ix":1,"l":2},"s":{"a":0,"k":[558.321,558.321,100],"ix":6,"l":2}},"ao":0,"shapes":[{"ty":"gr","it":[{"ind":0,"ty":"sh","ix":1,"ks":{"a":0,"k":{"i":[[-2.294,1.365],[-2.948,-1.185],[-1.021,-3.105],[1.074,-2.667],[4.816,0],[0.314,0.031],[0.049,-0.033],[1.506,0],[1.011,0.407],[0.88,2.06],[-0.833,2.079],[-2.062,0.882],[-0.012,0.005],[-0.147,0.361]],"o":[[2.549,-1.519],[2.871,1.152],[0.92,2.803],[-1.709,4.261],[-0.312,0],[-0.234,0.239],[-1.374,0.824],[-1.054,0],[-2.079,-0.834],[-0.88,-2.062],[0.836,-2.079],[0.01,-0.005],[0.119,-0.356],[1.245,-3.104]],"v":[[-2.1,-11.165],[6.302,-11.674],[12.336,-5.073],[12.099,3.537],[1.161,11.252],[0.22,11.207],[-0.258,11.62],[-4.643,12.86],[-7.763,12.251],[-12.352,7.761],[-12.423,1.341],[-7.932,-3.25],[-7.899,-3.257],[-7.508,-4.334]],"c":true},"ix":2},"nm":"패스 1","mn":"ADBE Vector Shape - Group","hd":false},{"ind":1,"ty":"sh","ix":2,"ks":{"a":0,"k":{"i":[[-1.512,-0.606],[-1.271,0.356],[-0.566,4.722],[0.367,-0.915],[-0.639,-1.496]],"o":[[1.264,0.508],[-4.172,-1.864],[-0.724,0.627],[-0.607,1.51],[0.641,1.498]],"v":[[-6.906,10.119],[-3.013,10.332],[-8.611,-0.119],[-10.29,2.196],[-10.241,6.858]],"c":true},"ix":2},"nm":"패스 2","mn":"ADBE Vector Shape - Group","hd":false},{"ind":2,"ty":"sh","ix":3,"ks":{"a":0,"k":{"i":[[-0.094,0.024],[0,0],[0.155,0.614],[0.614,-0.157],[0,0],[-0.155,-0.616],[-0.513,0]],"o":[[0,0],[0.614,-0.157],[-0.155,-0.613],[0,0],[-0.616,0.157],[0.134,0.518],[0.094,0]],"v":[[1.271,6.274],[4.195,5.53],[5.024,4.134],[3.627,3.304],[0.705,4.048],[-0.126,5.446],[0.988,6.31]],"c":true},"ix":2},"nm":"패스 3","mn":"ADBE Vector Shape - Group","hd":false},{"ty":"mm","mm":1,"nm":"패스 병합 1","mn":"ADBE Vector Filter - Merge","hd":false},{"ty":"fl","c":{"a":1,"k":[{"i":{"x":[0.833],"y":[0.833]},"o":{"x":[0.167],"y":[0.167]},"t":0,"s":[1,1,1,1]},{"t":10,"s":[0.145098045468,0.145098045468,0.145098045468,1]}],"ix":4},"o":{"a":0,"k":100,"ix":5},"r":1,"bm":0,"nm":"칠 1","mn":"ADBE Vector Graphic - Fill","hd":false},{"ty":"tr","p":{"a":0,"k":[13.03,12.45],"ix":2},"a":{"a":0,"k":[0,0],"ix":1},"s":{"a":0,"k":[100,100],"ix":3},"r":{"a":0,"k":0,"ix":6},"o":{"a":0,"k":100,"ix":7},"sk":{"a":0,"k":0,"ix":4},"sa":{"a":0,"k":0,"ix":5},"nm":"Transform"}],"nm":"그룹 1","np":5,"cix":2,"bm":0,"ix":1,"mn":"ADBE Vector Group","hd":false}],"ip":0,"op":19800,"st":0,"bm":0},{"ddd":0,"ind":2,"ty":4,"nm":"selected_circle","sr":1,"ks":{"o":{"a":0,"k":100,"ix":11},"r":{"a":0,"k":0,"ix":10},"p":{"a":0,"k":[299.375,150,0],"ix":2,"l":2},"a":{"a":0,"k":[43.945,22,0],"ix":1,"l":2},"s":{"a":1,"k":[{"i":{"x":[0.833,0.833,0.833],"y":[1,1,1]},"o":{"x":[0.333,0.333,0.333],"y":[0,0,0]},"t":0,"s":[680.682,680.682,100]},{"t":10,"s":[0,0,100]}],"ix":6,"l":2}},"ao":0,"shapes":[{"ty":"gr","it":[{"ind":0,"ty":"sh","ix":1,"ks":{"a":0,"k":{"i":[[-12.15,0],[0,12.15],[12.15,0],[0,-12.15]],"o":[[12.15,0],[0,-12.15],[-12.15,0],[0,12.15]],"v":[[0,22],[22,0],[0,-22],[-22,0]],"c":true},"ix":2},"nm":"패스 1","mn":"ADBE Vector Shape - Group","hd":false},{"ty":"fl","c":{"a":0,"k":[0,0.447058826685,0.870588243008,1],"ix":4},"o":{"a":0,"k":100,"ix":5},"r":1,"bm":0,"nm":"칠 1","mn":"ADBE Vector Graphic - Fill","hd":false},{"ty":"tr","p":{"a":0,"k":[22,22],"ix":2},"a":{"a":0,"k":[0,0],"ix":1},"s":{"a":0,"k":[100,100],"ix":3},"r":{"a":0,"k":0,"ix":6},"o":{"a":0,"k":100,"ix":7},"sk":{"a":0,"k":0,"ix":4},"sa":{"a":0,"k":0,"ix":5},"nm":"Transform"}],"nm":"그룹 3","np":2,"cix":2,"bm":0,"ix":1,"mn":"ADBE Vector Group","hd":false}],"ip":0,"op":19800,"st":0,"bm":0}],"markers":[]}