<?xml version="1.0" encoding="utf-8"?>
<FrameLayout xmlns:android="http://schemas.android.com/apk/res/android" xmlns:app="http://schemas.android.com/apk/res-auto" xmlns:aapt="http://schemas.android.com/aapt" android:layout_width="match_parent" android:layout_height="match_parent">
    <ImageView android:id="@+id/widget_background" android:layout_width="match_parent" android:layout_height="match_parent" android:src="@drawable/background_widget"/>
    <LinearLayout android:orientation="vertical" android:id="@+id/widget_container" android:paddingTop="@dimen/widget_landscape_padding_top" android:paddingBottom="@dimen/widget_landscape_padding_top" android:layout_width="match_parent" android:layout_height="match_parent" android:paddingStart="@dimen/widget_padding_start" android:paddingEnd="@dimen/widget_padding_start">
        <FrameLayout android:id="@+id/widget_title_container" android:layout_width="match_parent" android:layout_height="wrap_content">
            <FrameLayout android:orientation="vertical" android:id="@+id/widget_device_bt_name_container" android:layout_width="wrap_content" android:layout_height="wrap_content">
                <TextView android:textSize="@dimen/widget_port_title_text_size" android:id="@+id/widget_text_device_bt_name" android:layout_width="wrap_content" android:layout_height="wrap_content" style="@style/WidgetTitleTextAppearance"/>
                <TextView android:textSize="@dimen/widget_port_title_text_size" android:id="@+id/widget_text_device_bt_name_shadow" android:layout_width="wrap_content" android:layout_height="wrap_content" style="@style/WidgetTitleShadowTextAppearance"/>
            </FrameLayout>
            <FrameLayout android:id="@+id/widget_action_container" android:layout_width="wrap_content" android:layout_height="wrap_content">
                <TextView android:textSize="@dimen/widget_port_title_text_size" android:id="@+id/widget_action" android:layout_width="wrap_content" android:layout_height="wrap_content" style="@style/WidgetTitleTextAppearance"/>
                <TextView android:textSize="@dimen/widget_port_title_text_size" android:id="@+id/widget_action_shadow" android:layout_width="wrap_content" android:layout_height="wrap_content" style="@style/WidgetTitleShadowTextAppearance"/>
            </FrameLayout>
            <TextView android:textSize="@dimen/widget_port_title_text_size" android:id="@+id/text_widget_dummy" android:visibility="invisible" android:layout_width="wrap_content" android:layout_height="wrap_content" style="@style/WidgetTitleTextAppearance"/>
        </FrameLayout>
        <LinearLayout android:gravity="center_vertical" android:orientation="horizontal" android:id="@+id/widget_main_container" android:layout_width="match_parent" android:layout_height="match_parent">
            <FrameLayout android:layout_width="match_parent" android:layout_height="wrap_content" android:layout_weight="1">
                <LinearLayout android:orientation="vertical" android:id="@+id/widget_battery_container" android:layout_width="wrap_content" android:layout_height="wrap_content">
                    <LinearLayout android:gravity="center_vertical" android:orientation="horizontal" android:id="@+id/widget_buds_battery_container" android:layout_width="wrap_content" android:layout_height="wrap_content">
                        <LinearLayout android:gravity="center_vertical" android:orientation="horizontal" android:id="@+id/widget_left_battery_container" android:layout_width="wrap_content" android:layout_height="wrap_content">
                            <ImageView android:id="@+id/image_widget_left_charging" android:layout_width="wrap_content" android:layout_height="wrap_content" android:src="@drawable/widget_ic_battery_charging_white"/>
                            <TextView android:textSize="@dimen/widget_land_battery_text_size_4x2" android:id="@+id/text_widget_left_battery" android:layout_width="wrap_content" android:layout_height="wrap_content" style="@style/WidgetBatteryTextAppearance"/>
                            <TextView android:textSize="@dimen/widget_land_battery_text_size_4x2" android:id="@+id/text_widget_left_battery_shadow" android:layout_width="wrap_content" android:layout_height="wrap_content" style="@style/WidgetBatteryShadowTextAppearance"/>
                        </LinearLayout>
                        <LinearLayout android:gravity="center_vertical" android:orientation="horizontal" android:id="@+id/widget_right_battery_container" android:layout_width="wrap_content" android:layout_height="wrap_content">
                            <ImageView android:id="@+id/image_widget_right_charging" android:layout_width="wrap_content" android:layout_height="wrap_content" android:src="@drawable/widget_ic_battery_charging_white"/>
                            <TextView android:textSize="@dimen/widget_land_battery_text_size_4x2" android:id="@+id/text_widget_right_battery" android:layout_width="wrap_content" android:layout_height="wrap_content" style="@style/WidgetBatteryTextAppearance"/>
                            <TextView android:textSize="@dimen/widget_land_battery_text_size_4x2" android:id="@+id/text_widget_right_battery_shadow" android:layout_width="wrap_content" android:layout_height="wrap_content" style="@style/WidgetBatteryShadowTextAppearance"/>
                        </LinearLayout>
                    </LinearLayout>
                    <LinearLayout android:gravity="center_vertical" android:orientation="horizontal" android:id="@+id/widget_case_battery_container" android:layout_width="wrap_content" android:layout_height="wrap_content" android:layout_marginTop="@dimen/widget_case_top_margin">
                        <ImageView android:id="@+id/image_widget_case_charging" android:layout_width="wrap_content" android:layout_height="wrap_content" android:src="@drawable/widget_ic_battery_charging_white"/>
                        <TextView android:textSize="@dimen/widget_land_battery_text_size_4x2" android:id="@+id/text_widget_case_battery" android:layout_width="wrap_content" android:layout_height="wrap_content" style="@style/WidgetBatteryTextAppearance"/>
                        <TextView android:textSize="@dimen/widget_land_battery_text_size_4x2" android:id="@+id/text_widget_case_battery_shadow" android:layout_width="wrap_content" android:layout_height="wrap_content" style="@style/WidgetBatteryShadowTextAppearance"/>
                    </LinearLayout>
                </LinearLayout>
                <FrameLayout android:layout_gravity="center_vertical" android:id="@+id/widget_disconnect_container" android:layout_width="wrap_content" android:layout_height="wrap_content">
                    <TextView android:textSize="@dimen/widget_land_battery_text_size_4x2" android:id="@+id/text_widget_disconnected" android:layout_width="wrap_content" android:layout_height="wrap_content" style="@style/WidgetBatteryTextAppearance"/>
                    <TextView android:textSize="@dimen/widget_land_battery_text_size_4x2" android:id="@+id/text_widget_disconnected_shadow" android:layout_width="wrap_content" android:layout_height="wrap_content" style="@style/WidgetBatteryShadowTextAppearance"/>
                </FrameLayout>
            </FrameLayout>
            <LinearLayout android:orientation="horizontal" android:layout_width="match_parent" android:layout_height="wrap_content" android:layout_weight="1">
                <FrameLayout android:layout_width="0dp" android:layout_height="match_parent" android:layout_weight="1"/>
                <FrameLayout android:id="@+id/widget_option1_container" android:layout_width="wrap_content" android:layout_height="wrap_content" android:soundEffectsEnabled="false">
                    <ImageView android:id="@+id/image_widget_option1_bg" android:layout_width="wrap_content" android:layout_height="wrap_content" android:src="@drawable/widget_bg_off" android:adjustViewBounds="true"/>
                    <ImageView android:id="@+id/image_widget_option1" android:layout_width="wrap_content" android:layout_height="wrap_content" android:src="@drawable/widget_ic_noise_control" android:adjustViewBounds="true"/>
                </FrameLayout>
                <FrameLayout android:layout_width="0dp" android:layout_height="match_parent" android:layout_weight="1"/>
                <FrameLayout android:id="@+id/widget_option2_container" android:layout_width="wrap_content" android:layout_height="wrap_content" android:soundEffectsEnabled="false">
                    <ImageView android:id="@+id/image_widget_option2_bg" android:layout_width="wrap_content" android:layout_height="wrap_content" android:src="@drawable/widget_bg_off" android:adjustViewBounds="true"/>
                    <ImageView android:id="@+id/image_widget_option2" android:layout_width="wrap_content" android:layout_height="wrap_content" android:src="@drawable/widget_ic_block_touch" android:adjustViewBounds="true"/>
                </FrameLayout>
                <FrameLayout android:layout_width="0dp" android:layout_height="match_parent" android:layout_weight="1"/>
            </LinearLayout>
        </LinearLayout>
    </LinearLayout>
</FrameLayout>
