<?xml version="1.0" encoding="utf-8"?>
<androidx.coordinatorlayout.widget.CoordinatorLayout xmlns:android="http://schemas.android.com/apk/res/android" xmlns:app="http://schemas.android.com/apk/res-auto" xmlns:aapt="http://schemas.android.com/aapt" android:layout_width="match_parent" android:layout_height="match_parent">
    <com.google.android.material.appbar.AppBarLayout android:id="@+id/app_bar" android:layout_width="match_parent" android:layout_height="match_parent" app:expanded="false" style="@style/Widget.Design.AppBarLayout">
        <com.google.android.material.appbar.CollapsingToolbarLayout android:id="@+id/collapsing_app_bar" android:layout_width="match_parent" android:layout_height="match_parent" app:layout_scrollFlags="3" app:title=" " style="@style/AppCollapsingToolbarStyle">
            <androidx.appcompat.widget.Toolbar android:layout_gravity="bottom" android:id="@+id/toolbar" android:layout_width="match_parent" android:layout_height="?attr/actionBarSize" app:layout_collapseMode="1" app:navigationIcon="?attr/homeAsUpIndicator" app:title=" ">
                <ImageView android:layout_gravity="end" android:id="@+id/image_app_info" android:background="?attr/actionBarItemBackground" android:layout_width="24dp" android:layout_height="24dp" android:src="@drawable/ic_tw_ic_ab_app_info_mtrl" android:tint="@color/basic_title_main_text_color" android:contentDescription="@string/app_info" android:layout_marginEnd="20dp"/>
            </androidx.appcompat.widget.Toolbar>
        </com.google.android.material.appbar.CollapsingToolbarLayout>
    </com.google.android.material.appbar.AppBarLayout>
    <com.samsung.accessory.hearablemgr.common.p010ui.ResponsiveNestedScrollView android:layout_gravity="top|center_vertical|center_horizontal|center" android:id="@+id/nested_scroll" android:scrollbars="vertical" android:layout_width="match_parent" android:layout_height="match_parent" android:fillViewport="true" app:layout_behavior="@string/appbar_scrolling_view_behavior">
        <com.samsung.accessory.hearablemgr.common.p010ui.ResponsiveWidthLayout android:layout_gravity="center_horizontal" android:layout_width="match_parent" android:layout_height="match_parent">
            <androidx.constraintlayout.widget.ConstraintLayout android:background="@color/basic_background_color" android:layout_width="match_parent" android:layout_height="match_parent">
                <TextView android:textSize="40sp" android:gravity="center_horizontal" android:id="@+id/text_uhm_title" android:layout_width="wrap_content" android:layout_height="wrap_content" android:layout_marginTop="44dp" android:text="@string/galaxy_wearable_name" android:lineSpacingExtra="13sp" app:layout_constraintBottom_toTopOf="@+id/text_uhm_version" app:layout_constraintLeft_toLeftOf="0" app:layout_constraintRight_toRightOf="0" app:layout_constraintTop_toTopOf="0" style="@style/AboutGalaxyWearableTitleTextAppearance"/>
                <TextView android:gravity="center_horizontal" android:id="@+id/text_uhm_version" android:layout_width="wrap_content" android:layout_height="wrap_content" android:layout_marginTop="12dp" android:text="Version 0.0.1111223344" android:lineSpacingExtra="3sp" app:layout_constraintEnd_toEndOf="0" app:layout_constraintStart_toStartOf="0" app:layout_constraintTop_toBottomOf="@+id/text_uhm_title" style="@style/AboutGalaxyWearableVersionTextAppearance"/>
                <LinearLayout android:gravity="center" android:orientation="vertical" android:id="@+id/layout_plugin_name_version" android:layout_width="wrap_content" android:layout_height="wrap_content" android:layout_marginTop="32dp" app:layout_constraintEnd_toEndOf="0" app:layout_constraintStart_toStartOf="0" app:layout_constraintTop_toBottomOf="@+id/text_uhm_version">
                    <TextView android:textSize="17sp" android:textColor="@color/basic_title_main_text_color" android:id="@+id/text_plugin_title" android:layout_width="wrap_content" android:layout_height="wrap_content" android:text="@string/plugin_name" android:fontFamily="@string/roboto_regular"/>
                    <TextView android:textSize="13sp" android:textColor="@color/color_list_item_subtext" android:id="@+id/text_plugin_version" android:layout_width="wrap_content" android:layout_height="wrap_content" android:text="@string/plugin_name" android:fontFamily="@string/roboto_regular"/>
                </LinearLayout>
                <TextView android:textSize="14sp" android:textColor="@color/about_gw_update_state_color" android:gravity="center_horizontal" android:id="@+id/text_update_state" android:layout_width="match_parent" android:layout_height="wrap_content" android:layout_marginTop="23dp" android:text="@string/latest_gw_and_apps_installed" android:lineSpacingExtra="3sp" android:fontFamily="@string/roboto_regular" android:paddingStart="24dp" android:paddingEnd="24dp" app:layout_constraintEnd_toEndOf="0" app:layout_constraintStart_toStartOf="0" app:layout_constraintTop_toBottomOf="@+id/layout_plugin_name_version"/>
                <FrameLayout android:id="@+id/button_app_update" android:background="@drawable/button_shape" android:layout_width="wrap_content" android:layout_height="wrap_content" android:layout_marginTop="12dp" app:layout_constraintEnd_toEndOf="0" app:layout_constraintStart_toStartOf="0" app:layout_constraintTop_toBottomOf="@+id/text_update_state">
                    <TextView android:textSize="18sp" android:textStyle="bold" android:textColor="@color/color_white" android:gravity="center_horizontal" android:id="@+id/text_app_update" android:background="@drawable/background_button_ripple" android:paddingTop="10dp" android:paddingBottom="9.5dp" android:visibility="visible" android:layout_width="wrap_content" android:layout_height="match_parent" android:minWidth="216dp" android:minHeight="44dp" android:text="@string/update_button" android:fontFamily="@string/roboto_medium" android:paddingStart="16dp" android:paddingEnd="16dp"/>
                </FrameLayout>
                <androidx.appcompat.widget.SeslProgressBar android:id="@+id/progress_app_update" android:visibility="invisible" android:layout_width="60dp" android:layout_height="60dp" android:layout_marginTop="16dp" android:layout_centerInParent="true" app:layout_constraintBottom_toBottomOf="@+id/button_app_update" app:layout_constraintEnd_toEndOf="0" app:layout_constraintStart_toStartOf="0"/>
                <RelativeLayout android:id="@+id/layout_margin" android:layout_width="0dp" android:layout_height="0dp" app:layout_constraintBottom_toTopOf="@+id/layout_button" app:layout_constraintEnd_toEndOf="0" app:layout_constraintHeight_min="68dp" app:layout_constraintStart_toStartOf="0" app:layout_constraintTop_toBottomOf="@+id/button_app_update"/>
                <LinearLayout android:gravity="center" android:orientation="vertical" android:id="@+id/layout_button" android:layout_width="match_parent" android:layout_height="wrap_content" app:layout_constraintBottom_toBottomOf="0" app:layout_constraintEnd_toEndOf="0" app:layout_constraintStart_toStartOf="0">
                    <FrameLayout android:id="@+id/button_open_source_licenses_layout" android:background="@drawable/button_shape_about_gw_grey" android:layout_width="wrap_content" android:layout_height="wrap_content" android:layout_marginBottom="36dp">
                        <TextView android:textSize="17sp" android:textStyle="bold" android:textColor="@color/basic_title_main_text_color" android:gravity="center_horizontal" android:id="@+id/text_open_source_licenses" android:background="@drawable/background_button_ripple" android:paddingTop="10dp" android:paddingBottom="9.5dp" android:visibility="visible" android:layout_width="wrap_content" android:layout_height="wrap_content" android:minWidth="216dp" android:minHeight="44dp" android:text="@string/legal_info_open_source_licenses" android:fontFamily="@string/roboto_medium" android:paddingStart="16dp" android:paddingEnd="16dp"/>
                    </FrameLayout>
                </LinearLayout>
            </androidx.constraintlayout.widget.ConstraintLayout>
        </com.samsung.accessory.hearablemgr.common.p010ui.ResponsiveWidthLayout>
    </com.samsung.accessory.hearablemgr.common.p010ui.ResponsiveNestedScrollView>
</androidx.coordinatorlayout.widget.CoordinatorLayout>
