<?xml version="1.0" encoding="utf-8"?>
<ScrollView xmlns:android="http://schemas.android.com/apk/res/android" xmlns:app="http://schemas.android.com/apk/res-auto" xmlns:aapt="http://schemas.android.com/aapt" android:layout_width="match_parent" android:layout_height="wrap_content">
    <LinearLayout android:orientation="vertical" android:background="@drawable/shape_rounded_rectangle" android:paddingLeft="24dp" android:paddingTop="24dp" android:paddingRight="24dp" android:paddingBottom="20dp" android:layout_width="match_parent" android:layout_height="match_parent">
        <TextView android:textSize="17sp" android:textColor="@color/title_text_normal_color" android:id="@+id/popup_message_textview" android:layout_width="match_parent" android:layout_height="wrap_content" android:lineSpacingExtra="2sp" android:fontFamily="sec-roboto-light"/>
        <View android:background="@drawable/dot_line" android:layout_width="match_parent" android:layout_height="2dp" android:layout_marginTop="16.5dp" android:layout_marginBottom="10.5dp" android:layerType="software"/>
        <LinearLayout android:orientation="vertical" android:id="@+id/checkbox_item_auto_update" android:layout_width="match_parent" android:layout_height="wrap_content" android:layout_marginTop="10dp">
            <LinearLayout android:gravity="center_vertical" android:orientation="horizontal" android:id="@+id/layout_checkbox_item" android:layout_width="wrap_content" android:layout_height="wrap_content" android:layout_marginEnd="38dp">
                <androidx.appcompat.widget.AppCompatCheckBox android:id="@+id/checkbox" android:background="@null" android:clickable="false" android:layout_width="wrap_content" android:layout_height="wrap_content"/>
                <TextView android:textSize="14sp" android:textColor="@color/color_text_description_setup_wizard" android:gravity="center_vertical" android:id="@+id/text_title" android:paddingTop="6dp" android:paddingBottom="6dp" android:layout_width="wrap_content" android:layout_height="wrap_content" android:minHeight="32dp" android:text="@string/automatic_updates" android:lineSpacingExtra="2sp" android:fontFamily="@string/roboto_regular" android:layout_marginStart="6dp"/>
            </LinearLayout>
        </LinearLayout>
    </LinearLayout>
</ScrollView>
