<?xml version="1.0" encoding="utf-8"?>
<LinearLayout xmlns:android="http://schemas.android.com/apk/res/android" xmlns:app="http://schemas.android.com/apk/res-auto" xmlns:aapt="http://schemas.android.com/aapt" android:orientation="vertical" android:id="@+id/search_layout" android:layout_width="match_parent" android:layout_height="match_parent">
    <androidx.appcompat.widget.Toolbar android:id="@+id/toolbar" android:layout_width="match_parent" android:layout_height="?attr/actionBarSize" app:contentInsetLeft="0dp" app:contentInsetStart="0dp"/>
    <com.samsung.accessory.hearablemgr.common.p010ui.ResponsiveWidthLayout android:layout_gravity="center_horizontal" android:id="@+id/nested_scroll" android:layout_width="match_parent" android:layout_height="match_parent">
        <RelativeLayout android:layout_width="match_parent" android:layout_height="match_parent" android:layout_below="@+id/toolbar">
            <RelativeLayout android:id="@+id/container_layout" android:layout_width="match_parent" android:layout_height="match_parent">
                <TextView android:textSize="14sp" android:textColor="@color/search_recent_searches_header_color" android:id="@+id/matched_query" android:paddingBottom="5dp" android:visibility="gone" android:layout_width="wrap_content" android:layout_height="wrap_content" android:fontFamily="sec-roboto-light" android:paddingStart="24dp" android:paddingEnd="24dp"/>
                <include android:id="@+id/recent_searches_layout" android:layout_width="match_parent" android:layout_height="wrap_content" android:layout_marginBottom="20dp" layout="@layout/searchable_recent_searches_layout"/>
                <include android:id="@+id/suggestion_searches_layout" android:layout_width="match_parent" android:layout_height="wrap_content" android:layout_below="@+id/recent_searches_layout" layout="@layout/searchable_suggestion_layout"/>
                <androidx.recyclerview.widget.RecyclerView android:id="@+id/parent_recycler_view" android:visibility="gone" android:layout_width="match_parent" android:layout_height="match_parent" android:layout_below="@+id/matched_query"/>
            </RelativeLayout>
            <RelativeLayout android:id="@+id/progress_layout" android:visibility="gone" android:layout_width="wrap_content" android:layout_height="wrap_content" android:layout_centerInParent="true">
                <androidx.appcompat.widget.SeslProgressBar android:layout_width="48dp" android:layout_height="48dp" android:layout_centerHorizontal="true" android:layout_centerVertical="true"/>
            </RelativeLayout>
            <RelativeLayout android:id="@+id/no_results_found" android:visibility="gone" android:layout_width="match_parent" android:layout_height="match_parent" android:layout_centerInParent="true">
                <TextView android:textSize="18sp" android:textStyle="bold" android:textColor="@color/search_path_color" android:layout_width="match_parent" android:layout_height="wrap_content" android:text="@string/search_no_results_found" android:layout_centerInParent="true" android:fontFamily="sec-roboto-light" android:textAlignment="center"/>
            </RelativeLayout>
        </RelativeLayout>
    </com.samsung.accessory.hearablemgr.common.p010ui.ResponsiveWidthLayout>
</LinearLayout>
