{"v":"5.7.6","fr":60,"ip":0,"op":378,"w":960,"h":600,"nm":"[Attic]Paring_with_device_light","ddd":0,"assets":[],"layers":[{"ddd":0,"ind":1,"ty":4,"nm":"pointer 4","sr":1,"ks":{"o":{"a":1,"k":[{"i":{"x":[1],"y":[1]},"o":{"x":[0],"y":[0]},"t":224,"s":[0]},{"t":233,"s":[100],"h":1},{"i":{"x":[0.833],"y":[1]},"o":{"x":[0.167],"y":[0]},"t":314,"s":[100]},{"t":337,"s":[0]}],"ix":11},"r":{"a":0,"k":0,"ix":10},"p":{"a":0,"k":[611.5,217,0],"ix":2,"l":2},"a":{"a":0,"k":[387,185,0],"ix":1,"l":2},"s":{"a":1,"k":[{"i":{"x":[0.833,0.833,0.833],"y":[1,1,1]},"o":{"x":[0.167,0.167,0.167],"y":[0,0,0]},"t":244,"s":[0,0,100]},{"t":314,"s":[50,50,100]}],"ix":6,"l":2}},"ao":0,"shapes":[{"ty":"gr","it":[{"ind":0,"ty":"sh","ix":1,"ks":{"a":0,"k":{"i":[[-26.956,0],[0,26.956],[26.956,0],[0,-26.956]],"o":[[26.956,0],[0,-26.956],[-26.956,0],[0,26.956]],"v":[[-91.849,-75.041],[-43.041,-123.849],[-91.849,-172.657],[-140.657,-123.849]],"c":true},"ix":2},"nm":"Path 6","mn":"ADBE Vector Shape - Group","hd":false},{"ty":"fl","c":{"a":0,"k":[0,0.447058826685,0.870588243008,1],"ix":4},"o":{"a":0,"k":100,"ix":5},"r":1,"bm":0,"nm":"Fill 1","mn":"ADBE Vector Graphic - Fill","hd":false},{"ty":"tr","p":{"a":0,"k":[480,308],"ix":2},"a":{"a":0,"k":[0,0],"ix":1},"s":{"a":0,"k":[100,100],"ix":3},"r":{"a":0,"k":0,"ix":6},"o":{"a":0,"k":30,"ix":7},"sk":{"a":0,"k":0,"ix":4},"sa":{"a":0,"k":0,"ix":5},"nm":"Transform"}],"nm":"point3","np":2,"cix":2,"bm":0,"ix":1,"mn":"ADBE Vector Group","hd":false}],"ip":224,"op":338,"st":224,"bm":0},{"ddd":0,"ind":2,"ty":4,"nm":"pointer 3","sr":1,"ks":{"o":{"a":1,"k":[{"i":{"x":[1],"y":[1]},"o":{"x":[0],"y":[0]},"t":224,"s":[0]},{"t":233,"s":[100],"h":1},{"i":{"x":[0.833],"y":[1]},"o":{"x":[0.167],"y":[0]},"t":314,"s":[100]},{"t":337,"s":[0]}],"ix":11},"r":{"a":0,"k":0,"ix":10},"p":{"a":0,"k":[611.5,217,0],"ix":2,"l":2},"a":{"a":0,"k":[387,185,0],"ix":1,"l":2},"s":{"a":1,"k":[{"i":{"x":[0.1,0.1,0.833],"y":[1,1,1]},"o":{"x":[0.33,0.33,0.167],"y":[0,0,0]},"t":224,"s":[30,30,100]},{"t":244,"s":[50,50,100]}],"ix":6,"l":2}},"ao":0,"shapes":[{"ty":"gr","it":[{"ind":0,"ty":"sh","ix":1,"ks":{"a":0,"k":{"i":[[-26.956,0],[0,26.956],[26.956,0],[0,-26.956]],"o":[[26.956,0],[0,-26.956],[-26.956,0],[0,26.956]],"v":[[-91.849,-75.041],[-43.041,-123.849],[-91.849,-172.657],[-140.657,-123.849]],"c":true},"ix":2},"nm":"Path 6","mn":"ADBE Vector Shape - Group","hd":false},{"ty":"fl","c":{"a":0,"k":[0,0.447058826685,0.870588243008,1],"ix":4},"o":{"a":0,"k":100,"ix":5},"r":1,"bm":0,"nm":"Fill 1","mn":"ADBE Vector Graphic - Fill","hd":false},{"ty":"tr","p":{"a":0,"k":[480,308],"ix":2},"a":{"a":0,"k":[0,0],"ix":1},"s":{"a":0,"k":[100,100],"ix":3},"r":{"a":0,"k":0,"ix":6},"o":{"a":0,"k":20,"ix":7},"sk":{"a":0,"k":0,"ix":4},"sa":{"a":0,"k":0,"ix":5},"nm":"Transform"}],"nm":"point3","np":2,"cix":2,"bm":0,"ix":1,"mn":"ADBE Vector Group","hd":false},{"ty":"gr","it":[{"ind":0,"ty":"sh","ix":1,"ks":{"a":0,"k":{"i":[[-26.956,0],[0,-26.956],[26.956,0],[0,26.956]],"o":[[26.956,0],[0,26.956],[-26.956,0],[0,-26.956]],"v":[[-91.849,-172.657],[-43.041,-123.849],[-91.849,-75.041],[-140.657,-123.849]],"c":true},"ix":2},"nm":"Path 4","mn":"ADBE Vector Shape - Group","hd":false},{"ind":1,"ty":"sh","ix":2,"ks":{"a":0,"k":{"i":[[30.411,0],[0,-30.411],[-30.41,0],[0,30.411]],"o":[[-30.411,0],[0,30.411],[30.41,0],[0,-30.411]],"v":[[-91.849,-179],[-147,-123.849],[-91.849,-68.698],[-36.698,-123.849]],"c":true},"ix":2},"nm":"Path 5","mn":"ADBE Vector Shape - Group","hd":false},{"ty":"fl","c":{"a":0,"k":[0,0.447058826685,0.870588243008,1],"ix":4},"o":{"a":0,"k":100,"ix":5},"r":1,"bm":0,"nm":"Fill 1","mn":"ADBE Vector Graphic - Fill","hd":false},{"ty":"tr","p":{"a":0,"k":[480,308],"ix":2},"a":{"a":0,"k":[0,0],"ix":1},"s":{"a":0,"k":[100,100],"ix":3},"r":{"a":0,"k":0,"ix":6},"o":{"a":0,"k":70,"ix":7},"sk":{"a":0,"k":0,"ix":4},"sa":{"a":0,"k":0,"ix":5},"nm":"Transform"}],"nm":"point4","np":3,"cix":2,"bm":0,"ix":2,"mn":"ADBE Vector Group","hd":false}],"ip":224,"op":338,"st":224,"bm":0},{"ddd":0,"ind":3,"ty":4,"nm":"pointer 2","sr":1,"ks":{"o":{"a":1,"k":[{"i":{"x":[1],"y":[1]},"o":{"x":[0],"y":[0]},"t":224,"s":[0]},{"t":233,"s":[100],"h":1},{"i":{"x":[0.833],"y":[1]},"o":{"x":[0.167],"y":[0]},"t":314,"s":[100]},{"t":337,"s":[0]}],"ix":11},"r":{"a":0,"k":0,"ix":10},"p":{"a":0,"k":[344.5,217,0],"ix":2,"l":2},"a":{"a":0,"k":[387,185,0],"ix":1,"l":2},"s":{"a":1,"k":[{"i":{"x":[0.833,0.833,0.833],"y":[1,1,1]},"o":{"x":[0.167,0.167,0.167],"y":[0,0,0]},"t":244,"s":[0,0,100]},{"t":314,"s":[50,50,100]}],"ix":6,"l":2}},"ao":0,"shapes":[{"ty":"gr","it":[{"ind":0,"ty":"sh","ix":1,"ks":{"a":0,"k":{"i":[[-26.956,0],[0,26.956],[26.956,0],[0,-26.956]],"o":[[26.956,0],[0,-26.956],[-26.956,0],[0,26.956]],"v":[[-91.849,-75.041],[-43.041,-123.849],[-91.849,-172.657],[-140.657,-123.849]],"c":true},"ix":2},"nm":"Path 6","mn":"ADBE Vector Shape - Group","hd":false},{"ty":"fl","c":{"a":0,"k":[0,0.447058826685,0.870588243008,1],"ix":4},"o":{"a":0,"k":100,"ix":5},"r":1,"bm":0,"nm":"Fill 1","mn":"ADBE Vector Graphic - Fill","hd":false},{"ty":"tr","p":{"a":0,"k":[480,308],"ix":2},"a":{"a":0,"k":[0,0],"ix":1},"s":{"a":0,"k":[100,100],"ix":3},"r":{"a":0,"k":0,"ix":6},"o":{"a":0,"k":30,"ix":7},"sk":{"a":0,"k":0,"ix":4},"sa":{"a":0,"k":0,"ix":5},"nm":"Transform"}],"nm":"point3","np":2,"cix":2,"bm":0,"ix":1,"mn":"ADBE Vector Group","hd":false}],"ip":224,"op":338,"st":224,"bm":0},{"ddd":0,"ind":4,"ty":4,"nm":"pointer","sr":1,"ks":{"o":{"a":1,"k":[{"i":{"x":[1],"y":[1]},"o":{"x":[0],"y":[0]},"t":224,"s":[0]},{"t":233,"s":[100],"h":1},{"i":{"x":[0.833],"y":[1]},"o":{"x":[0.167],"y":[0]},"t":314,"s":[100]},{"t":337,"s":[0]}],"ix":11},"r":{"a":0,"k":0,"ix":10},"p":{"a":0,"k":[344.5,217,0],"ix":2,"l":2},"a":{"a":0,"k":[387,185,0],"ix":1,"l":2},"s":{"a":1,"k":[{"i":{"x":[0.1,0.1,0.833],"y":[1,1,1]},"o":{"x":[0.33,0.33,0.167],"y":[0,0,0]},"t":224,"s":[30,30,100]},{"t":244,"s":[50,50,100]}],"ix":6,"l":2}},"ao":0,"shapes":[{"ty":"gr","it":[{"ind":0,"ty":"sh","ix":1,"ks":{"a":0,"k":{"i":[[-26.956,0],[0,26.956],[26.956,0],[0,-26.956]],"o":[[26.956,0],[0,-26.956],[-26.956,0],[0,26.956]],"v":[[-91.849,-75.041],[-43.041,-123.849],[-91.849,-172.657],[-140.657,-123.849]],"c":true},"ix":2},"nm":"Path 6","mn":"ADBE Vector Shape - Group","hd":false},{"ty":"fl","c":{"a":0,"k":[0,0.447058826685,0.870588243008,1],"ix":4},"o":{"a":0,"k":100,"ix":5},"r":1,"bm":0,"nm":"Fill 1","mn":"ADBE Vector Graphic - Fill","hd":false},{"ty":"tr","p":{"a":0,"k":[480,308],"ix":2},"a":{"a":0,"k":[0,0],"ix":1},"s":{"a":0,"k":[100,100],"ix":3},"r":{"a":0,"k":0,"ix":6},"o":{"a":0,"k":20,"ix":7},"sk":{"a":0,"k":0,"ix":4},"sa":{"a":0,"k":0,"ix":5},"nm":"Transform"}],"nm":"point3","np":2,"cix":2,"bm":0,"ix":1,"mn":"ADBE Vector Group","hd":false},{"ty":"gr","it":[{"ind":0,"ty":"sh","ix":1,"ks":{"a":0,"k":{"i":[[-26.956,0],[0,-26.956],[26.956,0],[0,26.956]],"o":[[26.956,0],[0,26.956],[-26.956,0],[0,-26.956]],"v":[[-91.849,-172.657],[-43.041,-123.849],[-91.849,-75.041],[-140.657,-123.849]],"c":true},"ix":2},"nm":"Path 4","mn":"ADBE Vector Shape - Group","hd":false},{"ind":1,"ty":"sh","ix":2,"ks":{"a":0,"k":{"i":[[30.411,0],[0,-30.411],[-30.41,0],[0,30.411]],"o":[[-30.411,0],[0,30.411],[30.41,0],[0,-30.411]],"v":[[-91.849,-179],[-147,-123.849],[-91.849,-68.698],[-36.698,-123.849]],"c":true},"ix":2},"nm":"Path 5","mn":"ADBE Vector Shape - Group","hd":false},{"ty":"fl","c":{"a":0,"k":[0,0.447058826685,0.870588243008,1],"ix":4},"o":{"a":0,"k":100,"ix":5},"r":1,"bm":0,"nm":"Fill 1","mn":"ADBE Vector Graphic - Fill","hd":false},{"ty":"tr","p":{"a":0,"k":[480,308],"ix":2},"a":{"a":0,"k":[0,0],"ix":1},"s":{"a":0,"k":[100,100],"ix":3},"r":{"a":0,"k":0,"ix":6},"o":{"a":0,"k":70,"ix":7},"sk":{"a":0,"k":0,"ix":4},"sa":{"a":0,"k":0,"ix":5},"nm":"Transform"}],"nm":"point4","np":3,"cix":2,"bm":0,"ix":2,"mn":"ADBE Vector Group","hd":false}],"ip":224,"op":338,"st":224,"bm":0},{"ddd":0,"ind":5,"ty":4,"nm":"left inear buds","sr":1,"ks":{"o":{"a":1,"k":[{"i":{"x":[0.833],"y":[0.833]},"o":{"x":[0.167],"y":[0.167]},"t":30,"s":[0]},{"i":{"x":[0.833],"y":[0.833]},"o":{"x":[0.167],"y":[0.167]},"t":36,"s":[100]},{"i":{"x":[0.833],"y":[0.833]},"o":{"x":[0.167],"y":[0.167]},"t":60,"s":[100]},{"i":{"x":[0.833],"y":[0.833]},"o":{"x":[0.167],"y":[0.167]},"t":78,"s":[50]},{"i":{"x":[0.833],"y":[0.833]},"o":{"x":[0.167],"y":[0.167]},"t":96,"s":[100]},{"i":{"x":[0.833],"y":[0.833]},"o":{"x":[0.167],"y":[0.167]},"t":114,"s":[50]},{"t":132,"s":[100]}],"ix":11},"r":{"a":0,"k":0,"ix":10},"p":{"a":0,"k":[480,300,0],"ix":2,"l":2},"a":{"a":0,"k":[480,300,0],"ix":1,"l":2},"s":{"a":0,"k":[100,100,100],"ix":6,"l":2}},"ao":0,"shapes":[{"ty":"gr","it":[{"ind":0,"ty":"sh","ix":1,"ks":{"a":0,"k":{"i":[[0.925,-0.172],[0,0],[-0.978,-0.035],[-0.332,9.169],[9,0.325]],"o":[[0,0],[0.91,0.239],[9,0.326],[0.332,-9.169],[-0.978,-0.036]],"v":[[-8.854,-16.535],[-10.032,16.038],[-7.196,16.457],[9.7,0.445],[-5.994,-16.747]],"c":true},"ix":2},"nm":"Path 1","mn":"ADBE Vector Shape - Group","hd":false},{"ty":"fl","c":{"a":0,"k":[0.29411765933,0.29411765933,0.29411765933,1],"ix":4},"o":{"a":0,"k":100,"ix":5},"r":1,"bm":0,"nm":"Fill 1","mn":"ADBE Vector Graphic - Fill","hd":false},{"ty":"tr","p":{"a":0,"k":[602.158,217.251],"ix":2},"a":{"a":0,"k":[0,0],"ix":1},"s":{"a":0,"k":[100,100],"ix":3},"r":{"a":0,"k":0,"ix":6},"o":{"a":0,"k":100,"ix":7},"sk":{"a":0,"k":0,"ix":4},"sa":{"a":0,"k":0,"ix":5},"nm":"Transform"}],"nm":"Group 2","np":2,"cix":2,"bm":0,"ix":1,"mn":"ADBE Vector Group","hd":false}],"ip":30,"op":602,"st":30,"bm":0},{"ddd":0,"ind":6,"ty":4,"nm":"right inear buds","sr":1,"ks":{"o":{"a":1,"k":[{"i":{"x":[0.833],"y":[0.833]},"o":{"x":[0.167],"y":[0.167]},"t":30,"s":[0]},{"i":{"x":[0.833],"y":[0.833]},"o":{"x":[0.167],"y":[0.167]},"t":36,"s":[100]},{"i":{"x":[0.833],"y":[0.833]},"o":{"x":[0.167],"y":[0.167]},"t":60,"s":[100]},{"i":{"x":[0.833],"y":[0.833]},"o":{"x":[0.167],"y":[0.167]},"t":78,"s":[50]},{"i":{"x":[0.833],"y":[0.833]},"o":{"x":[0.167],"y":[0.167]},"t":96,"s":[100]},{"i":{"x":[0.833],"y":[0.833]},"o":{"x":[0.167],"y":[0.167]},"t":114,"s":[50]},{"i":{"x":[0.833],"y":[0.833]},"o":{"x":[0.167],"y":[0.167]},"t":132,"s":[100]},{"t":155,"s":[100]}],"ix":11},"r":{"a":0,"k":0,"ix":10},"p":{"a":0,"k":[480,300,0],"ix":2,"l":2},"a":{"a":0,"k":[480,300,0],"ix":1,"l":2},"s":{"a":0,"k":[100,100,100],"ix":6,"l":2}},"ao":0,"shapes":[{"ty":"gr","it":[{"ind":0,"ty":"sh","ix":1,"ks":{"a":0,"k":{"i":[[-8.989,0.551],[0,0],[-0.929,-0.149],[0,0],[0.977,-0.06],[0.561,9.158]],"o":[[0,0],[0.977,-0.06],[0,0],[-0.904,0.261],[-8.989,0.551],[-0.561,-9.158]],"v":[[5.482,-16.828],[5.482,-16.828],[8.346,-16.686],[10.339,15.847],[7.514,16.337],[-9.777,0.752]],"c":true},"ix":2},"nm":"Path 1","mn":"ADBE Vector Shape - Group","hd":false},{"ty":"fl","c":{"a":0,"k":[0.29411765933,0.29411765933,0.29411765933,1],"ix":4},"o":{"a":0,"k":100,"ix":5},"r":1,"bm":0,"nm":"Fill 1","mn":"ADBE Vector Graphic - Fill","hd":false},{"ty":"tr","p":{"a":0,"k":[354.216,217.183],"ix":2},"a":{"a":0,"k":[0,0],"ix":1},"s":{"a":0,"k":[100,100],"ix":3},"r":{"a":0,"k":0,"ix":6},"o":{"a":0,"k":100,"ix":7},"sk":{"a":0,"k":0,"ix":4},"sa":{"a":0,"k":0,"ix":5},"nm":"Transform"}],"nm":"Group 1","np":2,"cix":2,"bm":0,"ix":1,"mn":"ADBE Vector Group","hd":false}],"ip":30,"op":602,"st":30,"bm":0},{"ddd":0,"ind":7,"ty":4,"nm":"left hand","sr":1,"ks":{"o":{"a":1,"k":[{"i":{"x":[0.833],"y":[0.833]},"o":{"x":[0.167],"y":[0.167]},"t":30,"s":[30]},{"t":42,"s":[100]}],"ix":11},"r":{"a":0,"k":0,"ix":10},"p":{"a":1,"k":[{"i":{"x":0.33,"y":1},"o":{"x":0.42,"y":0},"t":186,"s":[480,300,0],"to":[-10.5,0,0],"ti":[10.5,0,0]},{"t":224,"s":[417,300,0]}],"ix":2,"l":2},"a":{"a":0,"k":[480,300,0],"ix":1,"l":2},"s":{"a":0,"k":[100,100,100],"ix":6,"l":2}},"ao":0,"shapes":[{"ty":"gr","it":[{"ind":0,"ty":"sh","ix":1,"ks":{"a":0,"k":{"i":[[0,0],[0,0]],"o":[[0,0],[0,0]],"v":[[-11.294,-7.851],[11.294,7.851]],"c":false},"ix":2},"nm":"Path 1","mn":"ADBE Vector Shape - Group","hd":false},{"ty":"st","c":{"a":0,"k":[0.709803938866,0.709803938866,0.709803938866,1],"ix":3},"o":{"a":0,"k":100,"ix":4},"w":{"a":0,"k":4.741,"ix":5},"lc":2,"lj":2,"bm":0,"nm":"Stroke 1","mn":"ADBE Vector Graphic - Stroke","hd":false},{"ty":"tr","p":{"a":0,"k":[710.045,306.108],"ix":2},"a":{"a":0,"k":[0,0],"ix":1},"s":{"a":0,"k":[100,100],"ix":3},"r":{"a":0,"k":0,"ix":6},"o":{"a":0,"k":100,"ix":7},"sk":{"a":0,"k":0,"ix":4},"sa":{"a":0,"k":0,"ix":5},"nm":"Transform"}],"nm":"Group 3","np":2,"cix":2,"bm":0,"ix":1,"mn":"ADBE Vector Group","hd":false},{"ty":"gr","it":[{"ind":0,"ty":"sh","ix":1,"ks":{"a":0,"k":{"i":[[0,0],[-8.287,5.87]],"o":[[5.85,1.076],[0,0]],"v":[[-11.437,1.793],[11.437,-2.935]],"c":false},"ix":2},"nm":"Path 1","mn":"ADBE Vector Shape - Group","hd":false},{"ty":"st","c":{"a":0,"k":[0.709803938866,0.709803938866,0.709803938866,1],"ix":3},"o":{"a":0,"k":100,"ix":4},"w":{"a":0,"k":4.741,"ix":5},"lc":2,"lj":2,"bm":0,"nm":"Stroke 1","mn":"ADBE Vector Graphic - Stroke","hd":false},{"ty":"tr","p":{"a":0,"k":[684.851,386.566],"ix":2},"a":{"a":0,"k":[0,0],"ix":1},"s":{"a":0,"k":[100,100],"ix":3},"r":{"a":0,"k":0,"ix":6},"o":{"a":0,"k":100,"ix":7},"sk":{"a":0,"k":0,"ix":4},"sa":{"a":0,"k":0,"ix":5},"nm":"Transform"}],"nm":"Group 4","np":2,"cix":2,"bm":0,"ix":2,"mn":"ADBE Vector Group","hd":false},{"ty":"gr","it":[{"ind":0,"ty":"sh","ix":1,"ks":{"a":0,"k":{"i":[[0,0],[-19.789,2.963]],"o":[[0,0],[0,0]],"v":[[-15.649,8.684],[15.649,-8.684]],"c":false},"ix":2},"nm":"Path 1","mn":"ADBE Vector Shape - Group","hd":false},{"ty":"st","c":{"a":0,"k":[0.709803938866,0.709803938866,0.709803938866,1],"ix":3},"o":{"a":0,"k":100,"ix":4},"w":{"a":0,"k":4.741,"ix":5},"lc":2,"lj":2,"bm":0,"nm":"Stroke 1","mn":"ADBE Vector Graphic - Stroke","hd":false},{"ty":"tr","p":{"a":0,"k":[671.798,360.372],"ix":2},"a":{"a":0,"k":[0,0],"ix":1},"s":{"a":0,"k":[100,100],"ix":3},"r":{"a":0,"k":0,"ix":6},"o":{"a":0,"k":100,"ix":7},"sk":{"a":0,"k":0,"ix":4},"sa":{"a":0,"k":0,"ix":5},"nm":"Transform"}],"nm":"Group 5","np":2,"cix":2,"bm":0,"ix":3,"mn":"ADBE Vector Group","hd":false},{"ty":"gr","it":[{"ind":0,"ty":"sh","ix":1,"ks":{"a":0,"k":{"i":[[0,0],[-24.53,-0.261]],"o":[[0,0],[0,0]],"v":[[-18.004,8.907],[18.004,-8.647]],"c":false},"ix":2},"nm":"Path 1","mn":"ADBE Vector Shape - Group","hd":false},{"ty":"st","c":{"a":0,"k":[0.709803938866,0.709803938866,0.709803938866,1],"ix":3},"o":{"a":0,"k":100,"ix":4},"w":{"a":0,"k":4.741,"ix":5},"lc":2,"lj":2,"bm":0,"nm":"Stroke 1","mn":"ADBE Vector Graphic - Stroke","hd":false},{"ty":"tr","p":{"a":0,"k":[674.974,329.793],"ix":2},"a":{"a":0,"k":[0,0],"ix":1},"s":{"a":0,"k":[100,100],"ix":3},"r":{"a":0,"k":0,"ix":6},"o":{"a":0,"k":100,"ix":7},"sk":{"a":0,"k":0,"ix":4},"sa":{"a":0,"k":0,"ix":5},"nm":"Transform"}],"nm":"Group 6","np":2,"cix":2,"bm":0,"ix":4,"mn":"ADBE Vector Group","hd":false},{"ty":"gr","it":[{"ind":0,"ty":"sh","ix":1,"ks":{"a":0,"k":{"i":[[0,0],[0,0],[0,0]],"o":[[-2.565,28.328],[0,0],[0,0]],"v":[[-28.894,-91.045],[-2.433,-22.335],[31.459,91.045]],"c":false},"ix":2},"nm":"Path 1","mn":"ADBE Vector Shape - Group","hd":false},{"ty":"st","c":{"a":0,"k":[0.709803938866,0.709803938866,0.709803938866,1],"ix":3},"o":{"a":0,"k":100,"ix":4},"w":{"a":0,"k":4.741,"ix":5},"lc":2,"lj":2,"bm":0,"nm":"Stroke 1","mn":"ADBE Vector Graphic - Stroke","hd":false},{"ty":"tr","p":{"a":0,"k":[689.88,494.965],"ix":2},"a":{"a":0,"k":[0,0],"ix":1},"s":{"a":0,"k":[100,100],"ix":3},"r":{"a":0,"k":0,"ix":6},"o":{"a":0,"k":100,"ix":7},"sk":{"a":0,"k":0,"ix":4},"sa":{"a":0,"k":0,"ix":5},"nm":"Transform"}],"nm":"Group 7","np":2,"cix":2,"bm":0,"ix":5,"mn":"ADBE Vector Group","hd":false},{"ty":"gr","it":[{"ind":0,"ty":"sh","ix":1,"ks":{"a":0,"k":{"i":[[0,0],[0,0],[0,14.264],[0,0],[0.406,2.287],[0,0],[0,0],[0.048,0.226],[0,0],[0.781,1.367],[0.43,0.549],[0,0],[0,0],[1.236,-0.154],[0.423,-1.166],[0,-5.318],[-2.635,-5.019],[0,0],[0,-0.131],[0,0],[5.343,-3.198],[0.323,-0.22],[0,0],[1.223,-3.148],[-1.341,-3.93],[0,0],[-14.208,-13.423],[0,0],[0,0],[-3.471,-6.997],[0,0],[-3.234,-2.713],[-3.769,-1.467],[-1.854,0.308],[8.593,13.355]],"o":[[0,0],[-4.387,-13.572],[0,0],[0.035,-2.367],[0,0],[0,0],[-0.044,-0.228],[0,0],[-0.32,-1.511],[-0.373,-0.652],[0,0],[0,0],[-0.711,-1.028],[-1.231,0.161],[-1.624,4.481],[-0.286,5.543],[0,0],[0.062,0.116],[0,0],[-5.72,-2.421],[-0.332,0.199],[0,0],[-2.938,2.006],[-1.428,3.673],[0,0],[0,0],[0,0],[0,0],[-4.799,6.163],[0,0],[1.906,3.843],[1.185,0.993],[4.217,1.641],[7.391,-1.195],[0,0]],"v":[[82.462,192.426],[25.947,57.289],[19.336,15.339],[19.336,-47.931],[18.763,-54.929],[18.772,-54.953],[18.677,-55.402],[18.552,-56.086],[2.965,-129.68],[1.305,-134.018],[0.097,-135.827],[-0.279,-136.306],[-38.027,-190.888],[-41.14,-192.273],[-43.78,-190.156],[-46.228,-175.388],[-42.476,-158.544],[-22.82,-121.104],[-22.727,-120.727],[-22.727,-95.327],[-40.335,-94.103],[-41.32,-93.478],[-60.49,-80.392],[-66.792,-72.438],[-67.051,-60.687],[-64.508,-54.884],[-68.254,-28.473],[-65.33,-24.527],[-66.841,-22.587],[-69.014,-1.058],[-68.296,0.388],[-60.492,10.336],[-52.24,15.585],[-41.422,17.175],[-35.351,-4.662]],"c":false},"ix":2},"nm":"Path 1","mn":"ADBE Vector Shape - Group","hd":false},{"ty":"st","c":{"a":0,"k":[0.709803938866,0.709803938866,0.709803938866,1],"ix":3},"o":{"a":0,"k":100,"ix":4},"w":{"a":0,"k":4.741,"ix":5},"lc":2,"lj":2,"bm":0,"nm":"Stroke 1","mn":"ADBE Vector Graphic - Stroke","hd":false},{"ty":"tr","p":{"a":0,"k":[721.478,393.584],"ix":2},"a":{"a":0,"k":[0,0],"ix":1},"s":{"a":0,"k":[100,100],"ix":3},"r":{"a":0,"k":0,"ix":6},"o":{"a":0,"k":100,"ix":7},"sk":{"a":0,"k":0,"ix":4},"sa":{"a":0,"k":0,"ix":5},"nm":"Transform"}],"nm":"Group 8","np":2,"cix":2,"bm":0,"ix":6,"mn":"ADBE Vector Group","hd":false},{"ty":"gr","it":[{"ind":0,"ty":"sh","ix":1,"ks":{"a":0,"k":{"i":[[0,0],[0,0],[0,14.264],[0,0],[0.406,2.287],[0,0],[0,0],[0.048,0.226],[0,0],[0.781,1.367],[0.43,0.549],[0,0],[0,0],[1.236,-0.154],[0.422,-1.166],[0,-5.318],[-2.635,-5.019],[0,0],[0,-0.131],[0,0],[5.343,-3.198],[0.323,-0.22],[0,0],[1.223,-3.148],[-1.341,-3.93],[0,0],[-14.208,-13.423],[0,0],[0,0],[-3.471,-6.997],[0,0],[-3.234,-2.713],[-3.769,-1.467],[-1.854,0.308],[8.593,13.355]],"o":[[0,0],[-4.387,-13.572],[0,0],[0.035,-2.367],[0,0],[0,0],[-0.044,-0.228],[0,0],[-0.32,-1.511],[-0.373,-0.652],[0,0],[0,0],[-0.711,-1.028],[-1.231,0.161],[-1.624,4.481],[-0.286,5.543],[0,0],[0.062,0.116],[0,0],[-5.72,-2.421],[-0.333,0.199],[0,0],[-2.938,2.006],[-1.428,3.673],[0,0],[0,0],[0,0],[0,0],[-4.799,6.163],[0,0],[1.906,3.843],[1.185,0.993],[4.217,1.641],[7.391,-1.195],[0,0]],"v":[[82.44,192.51],[25.925,57.374],[19.315,15.423],[19.315,-47.847],[18.741,-54.845],[18.75,-54.869],[18.656,-55.318],[18.531,-56.002],[2.943,-129.596],[1.284,-133.934],[0.075,-135.743],[-0.3,-136.222],[-38.049,-190.804],[-41.161,-192.189],[-43.801,-190.072],[-46.249,-175.304],[-42.498,-158.46],[-22.842,-121.02],[-22.748,-120.642],[-22.748,-95.243],[-40.357,-94.018],[-41.342,-93.394],[-60.511,-80.308],[-66.814,-72.354],[-67.073,-60.603],[-64.53,-54.8],[-68.276,-28.389],[-65.352,-24.443],[-66.863,-22.503],[-69.036,-0.974],[-68.318,0.472],[-60.514,10.42],[-52.262,15.669],[-41.443,17.259],[-35.373,-4.578]],"c":false},"ix":2},"nm":"Path 2","mn":"ADBE Vector Shape - Group","hd":false},{"ty":"fl","c":{"a":0,"k":[0.988849714691,0.988849714691,0.988849714691,1],"ix":4},"o":{"a":0,"k":100,"ix":5},"r":1,"bm":0,"nm":"Fill 1","mn":"ADBE Vector Graphic - Fill","hd":false},{"ty":"tr","p":{"a":0,"k":[721.5,393.5],"ix":2},"a":{"a":0,"k":[0,0],"ix":1},"s":{"a":0,"k":[100,100],"ix":3},"r":{"a":0,"k":0,"ix":6},"o":{"a":0,"k":100,"ix":7},"sk":{"a":0,"k":0,"ix":4},"sa":{"a":0,"k":0,"ix":5},"nm":"Transform"}],"nm":"Group 9","np":2,"cix":2,"bm":0,"ix":7,"mn":"ADBE Vector Group","hd":false},{"ty":"gr","it":[{"ind":0,"ty":"sh","ix":1,"ks":{"a":0,"k":{"i":[[0,0],[-0.332,0.199],[0,0],[6.473,-0.479],[1.297,-6.426],[-0.277,-1.74],[-2.645,-14.721],[-2.938,2.006]],"o":[[0.322,-0.22],[0,0],[-2.255,-6.127],[-6.513,0.468],[-0.346,1.715],[0.023,0.137],[1.223,-3.148],[0,0]],"v":[[14.711,-0.017],[15.696,-0.641],[10.259,-10.959],[-4.58,-20.545],[-15.314,-10.456],[-15.419,-5.249],[-10.761,21.024],[-4.458,13.07]],"c":true},"ix":2},"nm":"Path 1","mn":"ADBE Vector Shape - Group","hd":false},{"ty":"st","c":{"a":0,"k":[0.709803938866,0.709803938866,0.709803938866,1],"ix":3},"o":{"a":0,"k":100,"ix":4},"w":{"a":0,"k":4.741,"ix":5},"lc":2,"lj":2,"bm":0,"nm":"Stroke 1","mn":"ADBE Vector Graphic - Stroke","hd":false},{"ty":"tr","p":{"a":0,"k":[665.447,300.122],"ix":2},"a":{"a":0,"k":[0,0],"ix":1},"s":{"a":0,"k":[100,100],"ix":3},"r":{"a":0,"k":0,"ix":6},"o":{"a":0,"k":100,"ix":7},"sk":{"a":0,"k":0,"ix":4},"sa":{"a":0,"k":0,"ix":5},"nm":"Transform"}],"nm":"Group 10","np":2,"cix":2,"bm":0,"ix":8,"mn":"ADBE Vector Group","hd":false}],"ip":30,"op":468,"st":30,"bm":0},{"ddd":0,"ind":8,"ty":4,"nm":"right hand","sr":1,"ks":{"o":{"a":1,"k":[{"i":{"x":[0.833],"y":[0.833]},"o":{"x":[0.167],"y":[0.167]},"t":30,"s":[0]},{"t":42,"s":[100]}],"ix":11},"r":{"a":0,"k":0,"ix":10},"p":{"a":1,"k":[{"i":{"x":0.33,"y":1},"o":{"x":0.42,"y":0},"t":186,"s":[480,300,0],"to":[9.917,0,0],"ti":[-9.917,0,0]},{"t":224,"s":[539.5,300,0]}],"ix":2,"l":2},"a":{"a":0,"k":[480,300,0],"ix":1,"l":2},"s":{"a":0,"k":[100,100,100],"ix":6,"l":2}},"ao":0,"shapes":[{"ty":"gr","it":[{"ind":0,"ty":"sh","ix":1,"ks":{"a":0,"k":{"i":[[0,0],[0,0]],"o":[[0,0],[0,0]],"v":[[11.294,-7.851],[-11.294,7.851]],"c":false},"ix":2},"nm":"Path 1","mn":"ADBE Vector Shape - Group","hd":false},{"ty":"st","c":{"a":0,"k":[0.709803938866,0.709803938866,0.709803938866,1],"ix":3},"o":{"a":0,"k":100,"ix":4},"w":{"a":0,"k":4.741,"ix":5},"lc":2,"lj":2,"bm":0,"nm":"Stroke 1","mn":"ADBE Vector Graphic - Stroke","hd":false},{"ty":"tr","p":{"a":0,"k":[249.895,306.108],"ix":2},"a":{"a":0,"k":[0,0],"ix":1},"s":{"a":0,"k":[100,100],"ix":3},"r":{"a":0,"k":0,"ix":6},"o":{"a":0,"k":100,"ix":7},"sk":{"a":0,"k":0,"ix":4},"sa":{"a":0,"k":0,"ix":5},"nm":"Transform"}],"nm":"Group 11","np":2,"cix":2,"bm":0,"ix":1,"mn":"ADBE Vector Group","hd":false},{"ty":"gr","it":[{"ind":0,"ty":"sh","ix":1,"ks":{"a":0,"k":{"i":[[0,0],[8.286,5.87]],"o":[[-5.85,1.076],[0,0]],"v":[[11.437,1.793],[-11.437,-2.935]],"c":false},"ix":2},"nm":"Path 1","mn":"ADBE Vector Shape - Group","hd":false},{"ty":"st","c":{"a":0,"k":[0.709803938866,0.709803938866,0.709803938866,1],"ix":3},"o":{"a":0,"k":100,"ix":4},"w":{"a":0,"k":4.741,"ix":5},"lc":2,"lj":2,"bm":0,"nm":"Stroke 1","mn":"ADBE Vector Graphic - Stroke","hd":false},{"ty":"tr","p":{"a":0,"k":[275.089,386.566],"ix":2},"a":{"a":0,"k":[0,0],"ix":1},"s":{"a":0,"k":[100,100],"ix":3},"r":{"a":0,"k":0,"ix":6},"o":{"a":0,"k":100,"ix":7},"sk":{"a":0,"k":0,"ix":4},"sa":{"a":0,"k":0,"ix":5},"nm":"Transform"}],"nm":"Group 12","np":2,"cix":2,"bm":0,"ix":2,"mn":"ADBE Vector Group","hd":false},{"ty":"gr","it":[{"ind":0,"ty":"sh","ix":1,"ks":{"a":0,"k":{"i":[[0,0],[19.789,2.963]],"o":[[0,0],[0,0]],"v":[[15.649,8.684],[-15.649,-8.684]],"c":false},"ix":2},"nm":"Path 1","mn":"ADBE Vector Shape - Group","hd":false},{"ty":"st","c":{"a":0,"k":[0.709803938866,0.709803938866,0.709803938866,1],"ix":3},"o":{"a":0,"k":100,"ix":4},"w":{"a":0,"k":4.741,"ix":5},"lc":2,"lj":2,"bm":0,"nm":"Stroke 1","mn":"ADBE Vector Graphic - Stroke","hd":false},{"ty":"tr","p":{"a":0,"k":[288.142,360.372],"ix":2},"a":{"a":0,"k":[0,0],"ix":1},"s":{"a":0,"k":[100,100],"ix":3},"r":{"a":0,"k":0,"ix":6},"o":{"a":0,"k":100,"ix":7},"sk":{"a":0,"k":0,"ix":4},"sa":{"a":0,"k":0,"ix":5},"nm":"Transform"}],"nm":"Group 13","np":2,"cix":2,"bm":0,"ix":3,"mn":"ADBE Vector Group","hd":false},{"ty":"gr","it":[{"ind":0,"ty":"sh","ix":1,"ks":{"a":0,"k":{"i":[[0,0],[24.53,-0.261]],"o":[[0,0],[0,0]],"v":[[18.004,8.907],[-18.004,-8.647]],"c":false},"ix":2},"nm":"Path 1","mn":"ADBE Vector Shape - Group","hd":false},{"ty":"st","c":{"a":0,"k":[0.709803938866,0.709803938866,0.709803938866,1],"ix":3},"o":{"a":0,"k":100,"ix":4},"w":{"a":0,"k":4.741,"ix":5},"lc":2,"lj":2,"bm":0,"nm":"Stroke 1","mn":"ADBE Vector Graphic - Stroke","hd":false},{"ty":"tr","p":{"a":0,"k":[284.966,329.793],"ix":2},"a":{"a":0,"k":[0,0],"ix":1},"s":{"a":0,"k":[100,100],"ix":3},"r":{"a":0,"k":0,"ix":6},"o":{"a":0,"k":100,"ix":7},"sk":{"a":0,"k":0,"ix":4},"sa":{"a":0,"k":0,"ix":5},"nm":"Transform"}],"nm":"Group 14","np":2,"cix":2,"bm":0,"ix":4,"mn":"ADBE Vector Group","hd":false},{"ty":"gr","it":[{"ind":0,"ty":"sh","ix":1,"ks":{"a":0,"k":{"i":[[0,0],[0,0],[0,0]],"o":[[2.565,28.328],[0,0],[0,0]],"v":[[28.894,-91.045],[2.433,-22.335],[-31.459,91.045]],"c":false},"ix":2},"nm":"Path 1","mn":"ADBE Vector Shape - Group","hd":false},{"ty":"st","c":{"a":0,"k":[0.709803938866,0.709803938866,0.709803938866,1],"ix":3},"o":{"a":0,"k":100,"ix":4},"w":{"a":0,"k":4.741,"ix":5},"lc":2,"lj":2,"bm":0,"nm":"Stroke 1","mn":"ADBE Vector Graphic - Stroke","hd":false},{"ty":"tr","p":{"a":0,"k":[270.06,494.965],"ix":2},"a":{"a":0,"k":[0,0],"ix":1},"s":{"a":0,"k":[100,100],"ix":3},"r":{"a":0,"k":0,"ix":6},"o":{"a":0,"k":100,"ix":7},"sk":{"a":0,"k":0,"ix":4},"sa":{"a":0,"k":0,"ix":5},"nm":"Transform"}],"nm":"Group 15","np":2,"cix":2,"bm":0,"ix":5,"mn":"ADBE Vector Group","hd":false},{"ty":"gr","it":[{"ind":0,"ty":"sh","ix":1,"ks":{"a":0,"k":{"i":[[0,0],[0,0],[0,14.264],[0,0],[-0.406,2.287],[0,0],[0,0],[-0.048,0.226],[0,0],[-0.781,1.367],[-0.43,0.549],[0,0],[0,0],[-1.236,-0.154],[-0.423,-1.166],[0,-5.318],[2.635,-5.019],[0,0],[0,-0.131],[0,0],[-5.343,-3.198],[-0.322,-0.22],[0,0],[-1.224,-3.148],[1.342,-3.93],[0,0],[14.208,-13.423],[0,0],[0,0],[3.471,-6.997],[0,0],[3.234,-2.713],[3.768,-1.467],[1.853,0.308],[-8.593,13.355]],"o":[[0,0],[4.386,-13.572],[0,0],[-0.035,-2.367],[0,0],[0,0],[0.044,-0.228],[0,0],[0.32,-1.511],[0.373,-0.652],[0,0],[0,0],[0.711,-1.028],[1.231,0.161],[1.624,4.481],[0.286,5.543],[0,0],[-0.062,0.116],[0,0],[5.72,-2.421],[0.332,0.199],[0,0],[2.938,2.006],[1.428,3.673],[0,0],[0,0],[0,0],[0,0],[4.799,6.163],[0,0],[-1.906,3.843],[-1.185,0.993],[-4.218,1.641],[-7.391,-1.195],[0,0]],"v":[[-82.462,192.426],[-25.947,57.289],[-19.336,15.339],[-19.336,-47.931],[-18.763,-54.929],[-18.772,-54.953],[-18.677,-55.402],[-18.552,-56.086],[-2.965,-129.68],[-1.305,-134.018],[-0.097,-135.827],[0.279,-136.306],[38.027,-190.888],[41.139,-192.273],[43.78,-190.156],[46.228,-175.388],[42.476,-158.544],[22.82,-121.104],[22.727,-120.727],[22.727,-95.327],[40.335,-94.103],[41.32,-93.478],[60.489,-80.392],[66.792,-72.438],[67.05,-60.687],[64.508,-54.884],[68.254,-28.473],[65.33,-24.527],[66.841,-22.587],[69.013,-1.058],[68.296,0.388],[60.492,10.336],[52.24,15.585],[41.422,17.175],[35.351,-4.662]],"c":false},"ix":2},"nm":"Path 1","mn":"ADBE Vector Shape - Group","hd":false},{"ty":"st","c":{"a":0,"k":[0.709803938866,0.709803938866,0.709803938866,1],"ix":3},"o":{"a":0,"k":100,"ix":4},"w":{"a":0,"k":4.741,"ix":5},"lc":2,"lj":2,"bm":0,"nm":"Stroke 1","mn":"ADBE Vector Graphic - Stroke","hd":false},{"ty":"tr","p":{"a":0,"k":[238.462,393.584],"ix":2},"a":{"a":0,"k":[0,0],"ix":1},"s":{"a":0,"k":[100,100],"ix":3},"r":{"a":0,"k":0,"ix":6},"o":{"a":0,"k":100,"ix":7},"sk":{"a":0,"k":0,"ix":4},"sa":{"a":0,"k":0,"ix":5},"nm":"Transform"}],"nm":"Group 16","np":2,"cix":2,"bm":0,"ix":6,"mn":"ADBE Vector Group","hd":false},{"ty":"gr","it":[{"ind":0,"ty":"sh","ix":1,"ks":{"a":0,"k":{"i":[[0,0],[0,0],[0,14.264],[0,0],[-0.406,2.287],[0,0],[0,0],[-0.048,0.226],[0,0],[-0.781,1.367],[-0.43,0.549],[0,0],[0,0],[-1.236,-0.154],[-0.422,-1.166],[0,-5.318],[2.635,-5.019],[0,0],[0,-0.131],[0,0],[-5.343,-3.198],[-0.322,-0.22],[0,0],[-1.224,-3.148],[1.342,-3.93],[0,0],[14.208,-13.423],[0,0],[0,0],[3.471,-6.997],[0,0],[3.234,-2.713],[3.768,-1.467],[1.853,0.308],[-8.593,13.355]],"o":[[0,0],[4.386,-13.572],[0,0],[-0.035,-2.367],[0,0],[0,0],[0.044,-0.228],[0,0],[0.32,-1.511],[0.373,-0.652],[0,0],[0,0],[0.71,-1.028],[1.231,0.161],[1.624,4.481],[0.286,5.543],[0,0],[-0.062,0.116],[0,0],[5.72,-2.421],[0.332,0.199],[0,0],[2.938,2.006],[1.428,3.673],[0,0],[0,0],[0,0],[0,0],[4.799,6.163],[0,0],[-1.906,3.843],[-1.185,0.993],[-4.218,1.641],[-7.391,-1.195],[0,0]],"v":[[-82.5,192.51],[-25.984,57.374],[-19.374,15.423],[-19.374,-47.847],[-18.801,-54.845],[-18.809,-54.869],[-18.715,-55.318],[-18.59,-56.002],[-3.003,-129.596],[-1.343,-133.934],[-0.135,-135.743],[0.241,-136.222],[37.99,-190.804],[41.101,-192.189],[43.742,-190.072],[46.19,-175.304],[42.438,-158.46],[22.782,-121.02],[22.689,-120.642],[22.689,-95.243],[40.298,-94.018],[41.282,-93.394],[60.451,-80.308],[66.754,-72.354],[67.012,-60.603],[64.47,-54.8],[68.216,-28.389],[65.292,-24.443],[66.803,-22.503],[68.976,-0.974],[68.259,0.472],[60.454,10.42],[52.202,15.669],[41.384,17.259],[35.313,-4.578]],"c":false},"ix":2},"nm":"Path 2","mn":"ADBE Vector Shape - Group","hd":false},{"ty":"fl","c":{"a":0,"k":[0.988235294819,0.988235294819,0.988235294819,1],"ix":4},"o":{"a":0,"k":100,"ix":5},"r":1,"bm":0,"nm":"Fill 1","mn":"ADBE Vector Graphic - Fill","hd":false},{"ty":"tr","p":{"a":0,"k":[238.5,393.5],"ix":2},"a":{"a":0,"k":[0,0],"ix":1},"s":{"a":0,"k":[100,100],"ix":3},"r":{"a":0,"k":0,"ix":6},"o":{"a":0,"k":100,"ix":7},"sk":{"a":0,"k":0,"ix":4},"sa":{"a":0,"k":0,"ix":5},"nm":"Transform"}],"nm":"Group 17","np":2,"cix":2,"bm":0,"ix":7,"mn":"ADBE Vector Group","hd":false},{"ty":"gr","it":[{"ind":0,"ty":"sh","ix":1,"ks":{"a":0,"k":{"i":[[0,0],[0.332,0.199],[0,0],[-6.473,-0.479],[-1.297,-6.426],[0.277,-1.74],[2.646,-14.721],[2.938,2.006]],"o":[[-0.322,-0.22],[0,0],[2.255,-6.127],[6.514,0.468],[0.347,1.715],[-0.023,0.137],[-1.223,-3.148],[0,0]],"v":[[-14.711,-0.017],[-15.696,-0.641],[-10.259,-10.959],[4.58,-20.545],[15.314,-10.456],[15.419,-5.249],[10.761,21.024],[4.458,13.07]],"c":true},"ix":2},"nm":"Path 1","mn":"ADBE Vector Shape - Group","hd":false},{"ty":"st","c":{"a":0,"k":[0.709803938866,0.709803938866,0.709803938866,1],"ix":3},"o":{"a":0,"k":100,"ix":4},"w":{"a":0,"k":4.741,"ix":5},"lc":2,"lj":2,"bm":0,"nm":"Stroke 1","mn":"ADBE Vector Graphic - Stroke","hd":false},{"ty":"tr","p":{"a":0,"k":[294.494,300.122],"ix":2},"a":{"a":0,"k":[0,0],"ix":1},"s":{"a":0,"k":[100,100],"ix":3},"r":{"a":0,"k":0,"ix":6},"o":{"a":0,"k":100,"ix":7},"sk":{"a":0,"k":0,"ix":4},"sa":{"a":0,"k":0,"ix":5},"nm":"Transform"}],"nm":"Group 18","np":2,"cix":2,"bm":0,"ix":8,"mn":"ADBE Vector Group","hd":false}],"ip":30,"op":468,"st":30,"bm":0},{"ddd":0,"ind":9,"ty":4,"nm":"face 2","sr":1,"ks":{"o":{"a":0,"k":100,"ix":11},"r":{"a":0,"k":0,"ix":10},"p":{"a":0,"k":[480,300,0],"ix":2,"l":2},"a":{"a":0,"k":[480,300,0],"ix":1,"l":2},"s":{"a":0,"k":[100,100,100],"ix":6,"l":2}},"ao":0,"shapes":[{"ty":"gr","it":[{"ind":0,"ty":"sh","ix":1,"ks":{"a":0,"k":{"i":[[0,-4.998],[-4.998,0],[0,4.998],[4.997,0]],"o":[[0,4.998],[4.997,0],[0,-4.998],[-4.998,0]],"v":[[-66.493,-27.724],[-57.444,-18.674],[-48.395,-27.724],[-57.444,-36.773]],"c":true},"ix":2},"nm":"Path 2","mn":"ADBE Vector Shape - Group","hd":false},{"ty":"fl","c":{"a":0,"k":[0.709803938866,0.709803938866,0.709803938866,1],"ix":4},"o":{"a":0,"k":100,"ix":5},"r":1,"bm":0,"nm":"Fill 1","mn":"ADBE Vector Graphic - Fill","hd":false},{"ty":"tr","p":{"a":0,"k":[484,233.5],"ix":2},"a":{"a":0,"k":[0,0],"ix":1},"s":{"a":0,"k":[100,100],"ix":3},"r":{"a":0,"k":0,"ix":6},"o":{"a":0,"k":100,"ix":7},"sk":{"a":0,"k":0,"ix":4},"sa":{"a":0,"k":0,"ix":5},"nm":"Transform"}],"nm":"Group 19","np":2,"cix":2,"bm":0,"ix":1,"mn":"ADBE Vector Group","hd":false},{"ty":"gr","it":[{"ind":0,"ty":"sh","ix":1,"ks":{"a":0,"k":{"i":[[0,-4.998],[-4.998,0],[0,4.998],[4.998,0]],"o":[[0,4.998],[4.998,0],[0,-4.998],[-4.998,0]],"v":[[39.369,-27.724],[48.417,-18.674],[57.466,-27.724],[48.417,-36.773]],"c":true},"ix":2},"nm":"Path 2","mn":"ADBE Vector Shape - Group","hd":false},{"ty":"fl","c":{"a":0,"k":[0.709803938866,0.709803938866,0.709803938866,1],"ix":4},"o":{"a":0,"k":100,"ix":5},"r":1,"bm":0,"nm":"Fill 1","mn":"ADBE Vector Graphic - Fill","hd":false},{"ty":"tr","p":{"a":0,"k":[484,233.5],"ix":2},"a":{"a":0,"k":[0,0],"ix":1},"s":{"a":0,"k":[100,100],"ix":3},"r":{"a":0,"k":0,"ix":6},"o":{"a":0,"k":100,"ix":7},"sk":{"a":0,"k":0,"ix":4},"sa":{"a":0,"k":0,"ix":5},"nm":"Transform"}],"nm":"Group 20","np":2,"cix":2,"bm":0,"ix":2,"mn":"ADBE Vector Group","hd":false},{"ty":"gr","it":[{"ind":0,"ty":"sh","ix":1,"ks":{"a":0,"k":{"i":[[0,0],[30.94,-30.939]],"o":[[0,0],[0,0]],"v":[[26.864,15.47],[-26.864,15.47]],"c":false},"ix":2},"nm":"Path 1","mn":"ADBE Vector Shape - Group","hd":false},{"ty":"st","c":{"a":0,"k":[0.709803938866,0.709803938866,0.709803938866,1],"ix":3},"o":{"a":0,"k":100,"ix":4},"w":{"a":0,"k":4.741,"ix":5},"lc":2,"lj":2,"bm":0,"nm":"Stroke 1","mn":"ADBE Vector Graphic - Stroke","hd":false},{"ty":"tr","p":{"a":0,"k":[537.788,190.19],"ix":2},"a":{"a":0,"k":[0,0],"ix":1},"s":{"a":0,"k":[100,100],"ix":3},"r":{"a":0,"k":0,"ix":6},"o":{"a":0,"k":100,"ix":7},"sk":{"a":0,"k":0,"ix":4},"sa":{"a":0,"k":0,"ix":5},"nm":"Transform"}],"nm":"Group 21","np":2,"cix":2,"bm":0,"ix":3,"mn":"ADBE Vector Group","hd":false},{"ty":"gr","it":[{"ind":0,"ty":"sh","ix":1,"ks":{"a":0,"k":{"i":[[0,0],[-30.94,-30.939]],"o":[[0,0],[0,0]],"v":[[-26.864,15.47],[26.864,15.47]],"c":false},"ix":2},"nm":"Path 1","mn":"ADBE Vector Shape - Group","hd":false},{"ty":"st","c":{"a":0,"k":[0.709803938866,0.709803938866,0.709803938866,1],"ix":3},"o":{"a":0,"k":100,"ix":4},"w":{"a":0,"k":4.741,"ix":5},"lc":2,"lj":2,"bm":0,"nm":"Stroke 1","mn":"ADBE Vector Graphic - Stroke","hd":false},{"ty":"tr","p":{"a":0,"k":[421.64,190.19],"ix":2},"a":{"a":0,"k":[0,0],"ix":1},"s":{"a":0,"k":[100,100],"ix":3},"r":{"a":0,"k":0,"ix":6},"o":{"a":0,"k":100,"ix":7},"sk":{"a":0,"k":0,"ix":4},"sa":{"a":0,"k":0,"ix":5},"nm":"Transform"}],"nm":"Group 22","np":2,"cix":2,"bm":0,"ix":4,"mn":"ADBE Vector Group","hd":false},{"ty":"gr","it":[{"ind":0,"ty":"sh","ix":1,"ks":{"a":0,"k":{"i":[[0,0],[0,0]],"o":[[0,0],[0,0]],"v":[[470.233,311.59],[490.381,311.59]],"c":false},"ix":2},"nm":"Path 1","mn":"ADBE Vector Shape - Group","hd":false},{"ty":"st","c":{"a":0,"k":[0.709803938866,0.709803938866,0.709803938866,1],"ix":3},"o":{"a":0,"k":100,"ix":4},"w":{"a":0,"k":4.741,"ix":5},"lc":2,"lj":2,"bm":0,"nm":"Stroke 1","mn":"ADBE Vector Graphic - Stroke","hd":false},{"ty":"tr","p":{"a":0,"k":[0,0],"ix":2},"a":{"a":0,"k":[0,0],"ix":1},"s":{"a":0,"k":[100,100],"ix":3},"r":{"a":0,"k":0,"ix":6},"o":{"a":0,"k":100,"ix":7},"sk":{"a":0,"k":0,"ix":4},"sa":{"a":0,"k":0,"ix":5},"nm":"Transform"}],"nm":"Group 23","np":2,"cix":2,"bm":0,"ix":5,"mn":"ADBE Vector Group","hd":false},{"ty":"gr","it":[{"ind":0,"ty":"sh","ix":1,"ks":{"a":0,"k":{"i":[[0,0],[0,0]],"o":[[0,0],[0,0]],"v":[[484.455,267.342],[492.356,267.342]],"c":false},"ix":2},"nm":"Path 1","mn":"ADBE Vector Shape - Group","hd":false},{"ty":"st","c":{"a":0,"k":[0.709803938866,0.709803938866,0.709803938866,1],"ix":3},"o":{"a":0,"k":100,"ix":4},"w":{"a":0,"k":4.741,"ix":5},"lc":2,"lj":2,"bm":0,"nm":"Stroke 1","mn":"ADBE Vector Graphic - Stroke","hd":false},{"ty":"tr","p":{"a":0,"k":[0,0],"ix":2},"a":{"a":0,"k":[0,0],"ix":1},"s":{"a":0,"k":[100,100],"ix":3},"r":{"a":0,"k":0,"ix":6},"o":{"a":0,"k":100,"ix":7},"sk":{"a":0,"k":0,"ix":4},"sa":{"a":0,"k":0,"ix":5},"nm":"Transform"}],"nm":"Group 24","np":2,"cix":2,"bm":0,"ix":6,"mn":"ADBE Vector Group","hd":false},{"ty":"gr","it":[{"ind":0,"ty":"sh","ix":1,"ks":{"a":0,"k":{"i":[[0,0],[0,0]],"o":[[0,0],[0,0]],"v":[[445.42,295.897],[514.161,295.897]],"c":false},"ix":2},"nm":"Path 1","mn":"ADBE Vector Shape - Group","hd":false},{"ty":"st","c":{"a":0,"k":[0.709803938866,0.709803938866,0.709803938866,1],"ix":3},"o":{"a":0,"k":100,"ix":4},"w":{"a":0,"k":4.741,"ix":5},"lc":2,"lj":2,"bm":0,"nm":"Stroke 1","mn":"ADBE Vector Graphic - Stroke","hd":false},{"ty":"tr","p":{"a":0,"k":[0,0],"ix":2},"a":{"a":0,"k":[0,0],"ix":1},"s":{"a":0,"k":[100,100],"ix":3},"r":{"a":0,"k":0,"ix":6},"o":{"a":0,"k":100,"ix":7},"sk":{"a":0,"k":0,"ix":4},"sa":{"a":0,"k":0,"ix":5},"nm":"Transform"}],"nm":"Group 25","np":2,"cix":2,"bm":0,"ix":7,"mn":"ADBE Vector Group","hd":false},{"ty":"gr","it":[{"ind":0,"ty":"sh","ix":1,"ks":{"a":0,"k":{"i":[[0,0],[0,0]],"o":[[0,0],[0,0]],"v":[[503.889,171.12],[560.778,171.12]],"c":false},"ix":2},"nm":"Path 1","mn":"ADBE Vector Shape - Group","hd":false},{"ty":"st","c":{"a":0,"k":[0.709803938866,0.709803938866,0.709803938866,1],"ix":3},"o":{"a":0,"k":100,"ix":4},"w":{"a":0,"k":4.741,"ix":5},"lc":2,"lj":2,"bm":0,"nm":"Stroke 1","mn":"ADBE Vector Graphic - Stroke","hd":false},{"ty":"tr","p":{"a":0,"k":[0,0],"ix":2},"a":{"a":0,"k":[0,0],"ix":1},"s":{"a":0,"k":[100,100],"ix":3},"r":{"a":0,"k":0,"ix":6},"o":{"a":0,"k":100,"ix":7},"sk":{"a":0,"k":0,"ix":4},"sa":{"a":0,"k":0,"ix":5},"nm":"Transform"}],"nm":"Group 26","np":2,"cix":2,"bm":0,"ix":8,"mn":"ADBE Vector Group","hd":false},{"ty":"gr","it":[{"ind":0,"ty":"sh","ix":1,"ks":{"a":0,"k":{"i":[[0,0],[0,0],[0,0],[0,0]],"o":[[0,0],[0,0],[0,0],[0,0]],"v":[[-38.43,-48.74],[18.459,-48.74],[38.43,-23.553],[38.43,48.74]],"c":false},"ix":2},"nm":"Path 1","mn":"ADBE Vector Shape - Group","hd":false},{"ty":"st","c":{"a":0,"k":[0.709803938866,0.709803938866,0.709803938866,1],"ix":3},"o":{"a":0,"k":100,"ix":4},"w":{"a":0,"k":4.741,"ix":5},"lc":2,"lj":2,"bm":0,"nm":"Stroke 1","mn":"ADBE Vector Graphic - Stroke","hd":false},{"ty":"tr","p":{"a":0,"k":[433.502,219.86],"ix":2},"a":{"a":0,"k":[0,0],"ix":1},"s":{"a":0,"k":[100,100],"ix":3},"r":{"a":0,"k":0,"ix":6},"o":{"a":0,"k":100,"ix":7},"sk":{"a":0,"k":0,"ix":4},"sa":{"a":0,"k":0,"ix":5},"nm":"Transform"}],"nm":"Group 27","np":2,"cix":2,"bm":0,"ix":9,"mn":"ADBE Vector Group","hd":false},{"ty":"gr","it":[{"ind":0,"ty":"sh","ix":1,"ks":{"a":0,"k":{"i":[[93.102,-4.331],[81.903,-17.373],[0,0],[2.392,-26.529],[-11.204,-22.407],[0.313,-10.363],[0,0],[0,0],[-0.984,0.752],[0,0],[-3.062,13.471],[0,0],[-9.241,0],[0,0],[-1.884,-9.212],[0,0],[-12.653,-8.658],[-0.396,-1.16],[0,0],[0,0],[0.047,0.328]],"o":[[0,0],[-73.942,15.685],[0,0],[-1.88,20.85],[0,13.444],[0,0],[0,0],[0.329,-1.193],[0,0],[10.973,-8.391],[0,0],[2.047,-9.012],[0,0],[9.402,0],[0,0],[3.072,15.021],[1.012,0.692],[0,0],[0,0],[0,0],[2.08,-8.808]],"v":[[51.858,-64.135],[-53.453,-82.06],[-127.395,-74.218],[-143.08,-33.886],[-132.997,29.973],[-127.53,95.655],[-120.781,70.817],[-115.58,51.979],[-113.555,48.98],[-113.008,48.561],[-91.288,14.727],[-88.324,1.686],[-69.024,-13.72],[39.065,-13.72],[58.456,2.106],[60.512,12.156],[85.03,49.073],[87.198,51.926],[96.091,78.013],[103.264,99.433],[110.115,54.62]],"c":true},"ix":2},"nm":"Path 1","mn":"ADBE Vector Shape - Group","hd":false},{"ty":"st","c":{"a":0,"k":[0.709803938866,0.709803938866,0.709803938866,1],"ix":3},"o":{"a":0,"k":100,"ix":4},"w":{"a":0,"k":4.741,"ix":5},"lc":2,"lj":2,"bm":0,"nm":"Stroke 1","mn":"ADBE Vector Graphic - Stroke","hd":false},{"ty":"tr","p":{"a":0,"k":[489.998,101.868],"ix":2},"a":{"a":0,"k":[0,0],"ix":1},"s":{"a":0,"k":[100,100],"ix":3},"r":{"a":0,"k":0,"ix":6},"o":{"a":0,"k":100,"ix":7},"sk":{"a":0,"k":0,"ix":4},"sa":{"a":0,"k":0,"ix":5},"nm":"Transform"}],"nm":"Group 28","np":2,"cix":2,"bm":0,"ix":10,"mn":"ADBE Vector Group","hd":false},{"ty":"gr","it":[{"ind":0,"ty":"sh","ix":1,"ks":{"a":0,"k":{"i":[[93.102,-4.331],[81.903,-17.373],[0,0],[2.392,-26.529],[-11.204,-22.407],[0.314,-10.363],[0,0],[0,0],[-0.984,0.752],[0,0],[-3.062,13.471],[0,0],[-9.242,0],[0,0],[-1.884,-9.212],[0,0],[-12.653,-8.658],[-0.396,-1.16],[0,0],[0,0],[0.047,0.328]],"o":[[0,0],[-73.942,15.685],[0,0],[-1.88,20.85],[0,13.444],[0,0],[0,0],[0.329,-1.194],[0,0],[10.973,-8.391],[0,0],[2.047,-9.011],[0,0],[9.402,0],[0,0],[3.072,15.021],[1.012,0.692],[0,0],[0,0],[0,0],[2.08,-8.808]],"v":[[58.149,-68.918],[-47.162,-86.843],[-121.104,-79.001],[-136.789,-38.669],[-126.706,25.191],[-121.239,90.872],[-114.489,66.035],[-109.288,47.196],[-107.264,44.197],[-106.717,43.778],[-84.997,9.944],[-82.033,-3.097],[-62.732,-18.503],[45.357,-18.503],[64.747,-2.677],[66.804,7.373],[91.321,44.29],[93.489,47.144],[102.382,73.23],[109.555,94.651],[116.407,49.837]],"c":true},"ix":2},"nm":"Path 2","mn":"ADBE Vector Shape - Group","hd":false},{"ty":"fl","c":{"a":0,"k":[0.984313726425,0.984313726425,0.984313726425,1],"ix":4},"o":{"a":0,"k":100,"ix":5},"r":1,"bm":0,"nm":"Fill 1","mn":"ADBE Vector Graphic - Fill","hd":false},{"ty":"tr","p":{"a":0,"k":[483.707,106.651],"ix":2},"a":{"a":0,"k":[0,0],"ix":1},"s":{"a":0,"k":[100,100],"ix":3},"r":{"a":0,"k":0,"ix":6},"o":{"a":0,"k":100,"ix":7},"sk":{"a":0,"k":0,"ix":4},"sa":{"a":0,"k":0,"ix":5},"nm":"Transform"}],"nm":"Group 34","np":2,"cix":2,"bm":0,"ix":11,"mn":"ADBE Vector Group","hd":false},{"ty":"gr","it":[{"ind":0,"ty":"sh","ix":1,"ks":{"a":0,"k":{"i":[[0,13.054],[10.941,0.987],[0,-7.935],[0.811,-8.347]],"o":[[0,-12.968],[0.663,7.69],[0,8.785],[11.046,-0.863]],"v":[[9.889,-0.009],[-9.668,-24.586],[-8.66,-1.131],[-9.889,24.586]],"c":true},"ix":2},"nm":"Path 1","mn":"ADBE Vector Shape - Group","hd":false},{"ty":"st","c":{"a":0,"k":[0.709803938866,0.709803938866,0.709803938866,1],"ix":3},"o":{"a":0,"k":100,"ix":4},"w":{"a":0,"k":4.741,"ix":5},"lc":2,"lj":2,"bm":0,"nm":"Stroke 1","mn":"ADBE Vector Graphic - Stroke","hd":false},{"ty":"tr","p":{"a":0,"k":[601.978,207.922],"ix":2},"a":{"a":0,"k":[0,0],"ix":1},"s":{"a":0,"k":[100,100],"ix":3},"r":{"a":0,"k":0,"ix":6},"o":{"a":0,"k":100,"ix":7},"sk":{"a":0,"k":0,"ix":4},"sa":{"a":0,"k":0,"ix":5},"nm":"Transform"}],"nm":"Group 30","np":2,"cix":2,"bm":0,"ix":12,"mn":"ADBE Vector Group","hd":false},{"ty":"gr","it":[{"ind":0,"ty":"sh","ix":1,"ks":{"a":0,"k":{"i":[[-0.433,6.068],[0,-11.818],[-10.082,-1.911],[0,10.217]],"o":[[-9.55,2.405],[0,12.257],[-1.143,-9.715],[0,-6.254]],"v":[[7.816,-24.212],[-8.889,-0.118],[8.889,24.212],[7.155,-5.723]],"c":true},"ix":2},"nm":"Path 1","mn":"ADBE Vector Shape - Group","hd":false},{"ty":"st","c":{"a":0,"k":[0.709803938866,0.709803938866,0.709803938866,1],"ix":3},"o":{"a":0,"k":100,"ix":4},"w":{"a":0,"k":4.741,"ix":5},"lc":2,"lj":2,"bm":0,"nm":"Stroke 1","mn":"ADBE Vector Graphic - Stroke","hd":false},{"ty":"tr","p":{"a":0,"k":[355.27,208.031],"ix":2},"a":{"a":0,"k":[0,0],"ix":1},"s":{"a":0,"k":[100,100],"ix":3},"r":{"a":0,"k":0,"ix":6},"o":{"a":0,"k":100,"ix":7},"sk":{"a":0,"k":0,"ix":4},"sa":{"a":0,"k":0,"ix":5},"nm":"Transform"}],"nm":"Group 31","np":2,"cix":2,"bm":0,"ix":13,"mn":"ADBE Vector Group","hd":false},{"ty":"gr","it":[{"ind":0,"ty":"sh","ix":1,"ks":{"a":0,"k":{"i":[[0,0],[0,0],[0,0],[-22.532,0],[-12.708,6.237],[0,0]],"o":[[0,0],[0,0],[16.91,13.499],[15.382,0],[0,0],[0,0]],"v":[[-78.531,28.737],[-23.663,12.176],[-23.663,-59.235],[36.301,-37.683],[78.531,-47.304],[15.01,59.235]],"c":false},"ix":2},"nm":"Path 1","mn":"ADBE Vector Shape - Group","hd":false},{"ty":"st","c":{"a":0,"k":[0.709803938866,0.709803938866,0.709803938866,1],"ix":3},"o":{"a":0,"k":100,"ix":4},"w":{"a":0,"k":4.741,"ix":5},"lc":2,"lj":2,"bm":0,"nm":"Stroke 1","mn":"ADBE Vector Graphic - Stroke","hd":false},{"ty":"tr","p":{"a":0,"k":[442.69,405.315],"ix":2},"a":{"a":0,"k":[0,0],"ix":1},"s":{"a":0,"k":[100,100],"ix":3},"r":{"a":0,"k":0,"ix":6},"o":{"a":0,"k":100,"ix":7},"sk":{"a":0,"k":0,"ix":4},"sa":{"a":0,"k":0,"ix":5},"nm":"Transform"}],"nm":"Group 32","np":2,"cix":2,"bm":0,"ix":14,"mn":"ADBE Vector Group","hd":false},{"ty":"gr","it":[{"ind":0,"ty":"sh","ix":1,"ks":{"a":0,"k":{"i":[[0,0],[0,0],[0,0],[-6.465,39.518],[-0.145,0],[0,22.284],[19.177,0],[0.003,0],[59.62,0],[10.238,-74.257],[0,-21.177],[-18.711,-0.62],[-26.179,-21.111]],"o":[[0,0],[0,0],[23.175,-21.211],[0.145,0.002],[19.177,0],[0,-22.286],[-0.003,0],[-10.82,-73.013],[-60.817,0],[-17.852,1.675],[0,21.892],[7.804,41.718],[0,0]],"v":[[119.271,197.973],[65.525,181.546],[65.525,105.869],[111.004,12.171],[111.436,12.184],[146.159,-28.166],[111.436,-68.517],[111.427,-68.516],[-0.044,-197.973],[-114.266,-68.372],[-146.159,-28.166],[-112.442,12.154],[-60.009,110.001]],"c":false},"ix":2},"nm":"Path 1","mn":"ADBE Vector Shape - Group","hd":false},{"ty":"st","c":{"a":0,"k":[0.709803938866,0.709803938866,0.709803938866,1],"ix":3},"o":{"a":0,"k":100,"ix":4},"w":{"a":0,"k":4.741,"ix":5},"lc":2,"lj":2,"bm":0,"nm":"Stroke 1","mn":"ADBE Vector Graphic - Stroke","hd":false},{"ty":"tr","p":{"a":0,"k":[479.036,236.079],"ix":2},"a":{"a":0,"k":[0,0],"ix":1},"s":{"a":0,"k":[100,100],"ix":3},"r":{"a":0,"k":0,"ix":6},"o":{"a":0,"k":100,"ix":7},"sk":{"a":0,"k":0,"ix":4},"sa":{"a":0,"k":0,"ix":5},"nm":"Transform"}],"nm":"Group 33","np":2,"cix":2,"bm":0,"ix":15,"mn":"ADBE Vector Group","hd":false}],"ip":0,"op":602,"st":0,"bm":0},{"ddd":0,"ind":10,"ty":1,"nm":"White Solid 3","sr":1,"ks":{"o":{"a":0,"k":100,"ix":11},"r":{"a":0,"k":0,"ix":10},"p":{"a":0,"k":[480,300,0],"ix":2,"l":2},"a":{"a":0,"k":[480,300,0],"ix":1,"l":2},"s":{"a":0,"k":[100,100,100],"ix":6,"l":2}},"ao":0,"sw":960,"sh":600,"sc":"#fcfcfc","ip":0,"op":900,"st":0,"bm":0}],"markers":[{"tm":72,"cm":"1","dr":0},{"tm":194,"cm":"2","dr":0}]}