<?xml version="1.0" encoding="utf-8"?>
<com.samsung.accessory.hearablemgr.common.p010ui.RoundedCornerLayout xmlns:android="http://schemas.android.com/apk/res/android" xmlns:app="http://schemas.android.com/apk/res-auto" xmlns:aapt="http://schemas.android.com/aapt" android:background="@color/color_background" android:layout_width="match_parent" android:layout_height="match_parent">
    <androidx.coordinatorlayout.widget.CoordinatorLayout android:id="@+id/col" android:layout_width="match_parent" android:layout_height="match_parent">
        <com.google.android.material.appbar.AppBarLayout android:id="@+id/app_bar" android:layout_width="match_parent" android:layout_height="match_parent" app:expanded="false" style="@style/Widget.Design.AppBarLayout">
            <com.google.android.material.appbar.CollapsingToolbarLayout android:id="@+id/collapsing_app_bar" android:layout_width="match_parent" android:layout_height="match_parent" app:layout_scrollFlags="3" app:title="@string/read_notifications_aloud" style="@style/AppCollapsingToolbarStyle">
                <androidx.appcompat.widget.Toolbar android:layout_gravity="bottom" android:id="@+id/toolbar" android:layout_width="match_parent" android:layout_height="?attr/actionBarSize" app:layout_collapseMode="1" app:navigationIcon="?attr/homeAsUpIndicator" app:title="@string/read_notifications_aloud"/>
            </com.google.android.material.appbar.CollapsingToolbarLayout>
        </com.google.android.material.appbar.AppBarLayout>
        <com.samsung.accessory.hearablemgr.common.p010ui.RoundedCornerLayout android:layout_width="match_parent" android:layout_height="match_parent" app:layout_behavior="@string/appbar_scrolling_view_behavior">
            <com.samsung.accessory.hearablemgr.common.p010ui.ResponsiveNestedScrollView android:layout_gravity="top|center_vertical|center_horizontal|center" android:id="@+id/notification_scrollview" android:scrollbars="vertical" android:layout_width="match_parent" android:layout_height="match_parent" android:fillViewport="true" android:splitMotionEvents="false">
                <RelativeLayout android:layout_width="match_parent" android:layout_height="match_parent">
                    <com.samsung.accessory.hearablemgr.common.p010ui.ResponsiveWidthLayout android:layout_width="match_parent" android:layout_height="match_parent" android:layout_centerHorizontal="true">
                        <LinearLayout android:orientation="vertical" android:layout_width="match_parent" android:layout_height="wrap_content">
                            <androidx.appcompat.widget.SeslSwitchBar android:id="@+id/switch_bar" android:layout_width="match_parent" android:layout_height="wrap_content"/>
                            <com.samsung.accessory.hearablemgr.common.p010ui.RoundedCornerLayout android:layout_width="match_parent" android:layout_height="wrap_content" android:layout_marginTop="24dp">
                                <LinearLayout android:orientation="vertical" android:background="@color/contents_background" android:layout_width="match_parent" android:layout_height="wrap_content">
                                    <LinearLayout android:gravity="center_vertical" android:id="@+id/ignore_notification_settingLayout" android:background="?android:attr/selectableItemBackground" android:layout_width="match_parent" android:layout_height="wrap_content" android:minHeight="65dp">
                                        <LinearLayout android:gravity="center_vertical" android:orientation="vertical" android:paddingTop="14dp" android:paddingBottom="15dp" android:focusable="false" android:layout_width="0dp" android:layout_height="wrap_content" android:layout_weight="1" android:paddingStart="24dp" android:layout_marginEnd="16dp">
                                            <TextView android:textSize="17sp" android:textColor="@color/selector_list_title_color" android:id="@+id/ignore_enable_text" android:focusable="false" android:layout_width="wrap_content" android:layout_height="wrap_content" android:text="@string/voice_notification_ignore_screen_on" android:fontFamily="@string/roboto_regular"/>
                                            <TextView android:textSize="13sp" android:textColor="@color/selector_list_desc_color" android:id="@+id/ignore_enable_text_desc" android:layout_width="wrap_content" android:layout_height="wrap_content" android:text="@string/voice_notification_ignore_screen_on_desc" android:fontFamily="@string/roboto_regular"/>
                                        </LinearLayout>
                                        <androidx.appcompat.widget.SwitchCompat android:layout_gravity="center_vertical" android:id="@+id/ignore_enable_switch" android:layout_width="wrap_content" android:layout_height="wrap_content" android:layout_marginStart="16dp" android:layout_marginEnd="24dp"/>
                                    </LinearLayout>
                                </LinearLayout>
                            </com.samsung.accessory.hearablemgr.common.p010ui.RoundedCornerLayout>
                            <LinearLayout android:orientation="vertical" android:id="@+id/recently_recent_layout" android:layout_width="match_parent" android:layout_height="wrap_content" android:layout_marginTop="12dp">
                                <TextView android:textSize="13sp" android:textStyle="bold" android:textColor="#858585" android:id="@+id/see_all_title" android:paddingBottom="5dp" android:layout_width="match_parent" android:layout_height="wrap_content" android:text="@string/app_notification_to_read_aloud" android:fontFamily="@string/roboto_medium" android:layout_marginStart="24dp" android:layout_marginEnd="24dp"/>
                                <com.samsung.accessory.hearablemgr.common.p010ui.RoundedCornerLayout android:layout_width="match_parent" android:layout_height="wrap_content">
                                    <LinearLayout android:orientation="vertical" android:background="@color/contents_background" android:layout_width="match_parent" android:layout_height="wrap_content">
                                        <androidx.recyclerview.widget.RecyclerView android:id="@+id/allow_recyclerview" android:layout_width="match_parent" android:layout_height="match_parent"/>
                                        <View android:id="@+id/divider" android:background="@color/basic_divider_color" android:layout_width="match_parent" android:layout_height="1dp" android:layout_marginStart="18dp" android:layout_marginEnd="18dp"/>
                                        <LinearLayout android:gravity="center_horizontal" android:orientation="vertical" android:id="@+id/see_all_layout" android:background="?android:attr/selectableItemBackground" android:paddingTop="14dp" android:paddingBottom="15dp" android:layout_width="match_parent" android:layout_height="wrap_content">
                                            <TextView android:textSize="17sp" android:textColor="@color/selector_list_title_color" android:id="@+id/see_all_text" android:layout_width="wrap_content" android:layout_height="wrap_content" android:text="@string/see_all" android:fontFamily="@string/roboto_regular"/>
                                        </LinearLayout>
                                    </LinearLayout>
                                </com.samsung.accessory.hearablemgr.common.p010ui.RoundedCornerLayout>
                            </LinearLayout>
                        </LinearLayout>
                    </com.samsung.accessory.hearablemgr.common.p010ui.ResponsiveWidthLayout>
                </RelativeLayout>
            </com.samsung.accessory.hearablemgr.common.p010ui.ResponsiveNestedScrollView>
        </com.samsung.accessory.hearablemgr.common.p010ui.RoundedCornerLayout>
    </androidx.coordinatorlayout.widget.CoordinatorLayout>
</com.samsung.accessory.hearablemgr.common.p010ui.RoundedCornerLayout>
