<?xml version="1.0" encoding="utf-8"?>
<vector xmlns:android="http://schemas.android.com/apk/res/android" xmlns:app="http://schemas.android.com/apk/res-auto" xmlns:aapt="http://schemas.android.com/aapt" android:height="24dp" android:width="360dp" android:viewportWidth="360" android:viewportHeight="1">
    <group android:name="progress_group" android:scaleY="24" android:translateX="180" android:translateY="5">
        <path android:name="background_track" android:fillColor="@color/fp_bottom_content_progress_progressbar_horizontal_background" android:pathData="M -180.0,-1.0 l 360.0,0 l 0,1.14 l -360.0,0 Z"/>
        <group android:name="rect2_grp" android:scaleX="0.1" android:translateX="-197.6">
            <path android:name="rect2" android:fillColor="@color/fp_bottom_content_progress_progressbar_horizontal" android:pathData="M -144.0,-1.0 l 288.0,0 l 0,1.14 l -288.0,0 Z"/>
        </group>
        <group android:name="rect1_grp" android:scaleX="0.1" android:translateX="-522.6">
            <path android:name="rect1" android:fillColor="@color/fp_bottom_content_progress_progressbar_horizontal" android:pathData="M -144.0,-1.0 l 288.0,0 l 0,1.14 l -288.0,0 Z"/>
        </group>
    </group>
</vector>
