<?xml version="1.0" encoding="utf-8"?>
<RelativeLayout xmlns:android="http://schemas.android.com/apk/res/android" xmlns:app="http://schemas.android.com/apk/res-auto" xmlns:aapt="http://schemas.android.com/aapt" android:orientation="vertical" android:id="@+id/layout_middle_content_full" android:layout_width="match_parent" android:layout_height="wrap_content" android:paddingStart="@dimen/middle_content_background_card_padding_horizontal" android:paddingEnd="@dimen/middle_content_background_card_padding_horizontal">
    <com.samsung.android.fotaprovider.customize.p014ui.FirstLayerRoundedLinearLayout android:orientation="vertical" android:id="@+id/layout_middle_content_whatsnew" android:background="@color/fp_middle_content_background" android:layout_width="match_parent" android:layout_height="wrap_content">
        <LinearLayout android:orientation="horizontal" android:id="@+id/layout_middle_content_whatsnew_title" android:background="@color/fp_middle_content_inner_item_background" android:layout_width="match_parent" android:layout_height="wrap_content" android:baselineAligned="false">
            <LinearLayout android:id="@+id/layout_middle_content_whatsnew_subheader" android:layout_width="match_parent" android:layout_height="wrap_content" style="@style/FotaProviderTheme.Layout.WhatsNew.SubHeader">
                <ImageView android:layout_gravity="center" android:layout_width="match_parent" android:layout_height="@dimen/middle_content_whatsnew_image_height" android:src="@drawable/fota_illust" android:scaleType="centerCrop" android:adjustViewBounds="true" android:layerType="software"/>
            </LinearLayout>
        </LinearLayout>
        <LinearLayout android:id="@+id/layout_middle_content_whatsnew_description" android:layout_width="match_parent" android:layout_height="wrap_content" style="@style/FotaProviderTheme.Layout.MiddleContent">
            <TextView android:id="@+id/textview_middle_content_whatsnew_description" android:textDirection="locale" style="@style/FotaProviderTheme.Widget.TextView.MiddleContent.Whatsnew.Description"/>
        </LinearLayout>
    </com.samsung.android.fotaprovider.customize.p014ui.FirstLayerRoundedLinearLayout>
    <com.samsung.android.fotaprovider.customize.p014ui.FirstLayerRoundedLinearLayout android:orientation="vertical" android:id="@+id/layout_middle_content_software_update_information" android:background="@color/fp_middle_content_background" android:layout_width="match_parent" android:layout_height="wrap_content" android:layout_marginTop="@dimen/middle_content_margin_vertical_each" android:layout_below="@+id/layout_middle_content_whatsnew" style="@style/FotaProviderTheme.Layout.MiddleContent">
        <LinearLayout android:id="@+id/layout_middle_content_software_update_information_subheader" style="@style/FotaProviderTheme.Layout.SubHeader">
            <TextView android:id="@+id/textview_middle_content_software_update_information_title" android:text="@string/STR_ACCESSORY_UPDATE_INFO" style="@style/FotaProviderTheme.Widget.TextView.SubHeader.Title"/>
        </LinearLayout>
        <TextView android:id="@+id/textview_middle_content_software_update_information_version" style="@style/FotaProviderTheme.Widget.TextView.MiddleContent.Text"/>
        <TextView android:id="@+id/textview_middle_content_software_update_information_size" style="@style/FotaProviderTheme.Widget.TextView.MiddleContent.Text"/>
    </com.samsung.android.fotaprovider.customize.p014ui.FirstLayerRoundedLinearLayout>
    <com.samsung.android.fotaprovider.customize.p014ui.FirstLayerRoundedLinearLayout android:orientation="vertical" android:id="@+id/layout_middle_content_caution" android:background="@color/fp_middle_content_background" android:layout_width="match_parent" android:layout_height="wrap_content" android:layout_marginTop="@dimen/middle_content_margin_vertical_each" android:layout_below="@+id/layout_middle_content_software_update_information" style="@style/FotaProviderTheme.Layout.MiddleContent">
        <LinearLayout android:id="@+id/layout_middle_content_caution_subheader" style="@style/FotaProviderTheme.Layout.SubHeader">
            <TextView android:id="@+id/textview_middle_content_caution_title" android:text="@string/STR_ACCESSORY_CAUTION_TITLE" style="@style/FotaProviderTheme.Widget.TextView.SubHeader.Title"/>
        </LinearLayout>
        <TextView android:id="@+id/textview_middle_content_caution_text" style="@style/FotaProviderTheme.Widget.TextView.MiddleContent.Text"/>
    </com.samsung.android.fotaprovider.customize.p014ui.FirstLayerRoundedLinearLayout>
</RelativeLayout>
