<?xml version="1.0" encoding="utf-8"?>
<androidx.coordinatorlayout.widget.CoordinatorLayout xmlns:android="http://schemas.android.com/apk/res/android" xmlns:app="http://schemas.android.com/apk/res-auto" xmlns:aapt="http://schemas.android.com/aapt" android:id="@+id/root_layout" android:layout_width="match_parent" android:layout_height="match_parent">
    <com.google.android.material.appbar.AppBarLayout android:id="@+id/app_bar" android:layout_width="match_parent" android:layout_height="match_parent" app:expanded="false" style="@style/Widget.Design.AppBarLayout">
        <com.google.android.material.appbar.CollapsingToolbarLayout android:id="@+id/collapsing_app_bar" android:layout_width="match_parent" android:layout_height="match_parent" app:layout_scrollFlags="3" app:title="@string/customize_ambient_sound" style="@style/AppCollapsingToolbarStyle">
            <androidx.appcompat.widget.Toolbar android:layout_gravity="bottom" android:id="@+id/toolbar" android:layout_width="match_parent" android:layout_height="?attr/actionBarSize" app:layout_collapseMode="1" app:navigationIcon="?attr/homeAsUpIndicator" app:title="@string/customize_ambient_sound"/>
        </com.google.android.material.appbar.CollapsingToolbarLayout>
    </com.google.android.material.appbar.AppBarLayout>
    <com.samsung.accessory.hearablemgr.common.p010ui.ResponsiveNestedScrollView android:layout_gravity="top|center_vertical|center_horizontal|center" android:id="@+id/nested_scroll" android:scrollbars="vertical" android:layout_width="match_parent" android:layout_height="match_parent" app:layout_behavior="@string/appbar_scrolling_view_behavior">
        <RelativeLayout android:layout_width="match_parent" android:layout_height="match_parent">
            <com.samsung.accessory.hearablemgr.common.p010ui.ResponsiveWidthLayout android:layout_width="match_parent" android:layout_height="match_parent" android:layout_centerHorizontal="true">
                <LinearLayout android:orientation="vertical" android:layout_width="match_parent" android:layout_height="wrap_content">
                    <androidx.appcompat.widget.SeslSwitchBar android:id="@+id/switch_bar" android:layout_width="match_parent" android:layout_height="wrap_content"/>
                    <com.samsung.accessory.hearablemgr.common.p010ui.RoundedCornerLayout android:layout_width="match_parent" android:layout_height="match_parent" android:layout_marginTop="20dp">
                        <LinearLayout android:orientation="vertical" android:id="@+id/layout_ambient_sound_level" android:background="@color/contents_background" android:paddingTop="14dp" android:paddingBottom="20dp" android:layout_width="match_parent" android:layout_height="wrap_content">
                            <TextView android:id="@+id/text_ambient_sound_level_title" android:focusable="true" android:layout_width="wrap_content" android:layout_height="wrap_content" android:text="@string/ambient_sound_level" android:contentDescription="@string/ambient_sound_level" android:paddingStart="@dimen/list_item_content_inset" android:paddingEnd="@dimen/list_item_content_inset" app:layout_constraintStart_toStartOf="0" app:layout_constraintTop_toTopOf="0" style="@style/ListItemTitleTextAppearance"/>
                            <androidx.constraintlayout.widget.ConstraintLayout android:layout_gravity="center" android:id="@+id/layout_ambient_sound_level_left" android:layout_width="match_parent" android:layout_height="wrap_content" android:layout_marginTop="20dp">
                                <TextView android:textSize="13sp" android:textColor="@color/selector_list_desc_color" android:id="@+id/text_ambient_sound_left_title" android:focusable="true" android:layout_width="wrap_content" android:layout_height="wrap_content" android:text="@string/device_left" android:contentDescription="@string/device_left" android:fontFamily="@string/roboto_regular" android:paddingStart="@dimen/list_item_content_inset" android:paddingEnd="@dimen/list_item_content_inset" app:layout_constraintStart_toStartOf="0" app:layout_constraintTop_toTopOf="0"/>
                                <ImageView android:id="@+id/image_ambient_sound_left_minus" android:background="@drawable/background_button_ripple" android:layout_width="wrap_content" android:layout_height="wrap_content" android:src="@drawable/minus" android:adjustViewBounds="true" android:contentDescription="@string/volume_down" android:layout_marginStart="18dp" app:layout_constraintBottom_toBottomOf="@+id/layout_seekbar_ambient_sound_left" app:layout_constraintStart_toStartOf="0" app:layout_constraintTop_toTopOf="@+id/layout_seekbar_ambient_sound_left"/>
                                <com.samsung.accessory.hearablemgr.common.p010ui.AccessibilitySeekBarLayout android:id="@+id/layout_seekbar_ambient_sound_left" android:focusable="true" android:layout_width="0dp" android:layout_height="wrap_content" android:layout_marginTop="6dp" app:layout_constraintEnd_toStartOf="@+id/image_ambient_sound_left_plus" app:layout_constraintStart_toEndOf="@+id/image_ambient_sound_left_minus" app:layout_constraintTop_toBottomOf="@+id/text_ambient_sound_left_title">
                                    <androidx.appcompat.widget.AppCompatSeekBar android:id="@+id/seekbar_ambient_sound_left" android:layout_width="match_parent" android:layout_height="wrap_content" android:max="4" android:progressDrawable="@drawable/seekbar_progress" android:minHeight="32dp" android:thumb="@drawable/seekbar_thumb" android:importantForAccessibility="no" android:progressBackgroundTint="@color/progress_tint_color" android:tickMark="@drawable/tick_mark_basic"/>
                                </com.samsung.accessory.hearablemgr.common.p010ui.AccessibilitySeekBarLayout>
                                <ImageView android:id="@+id/image_ambient_sound_left_plus" android:background="@drawable/background_button_ripple" android:layout_width="wrap_content" android:layout_height="wrap_content" android:src="@drawable/plus" android:contentDescription="@string/volume_up" android:layout_marginEnd="18dp" app:layout_constraintBottom_toBottomOf="@+id/layout_seekbar_ambient_sound_left" app:layout_constraintEnd_toEndOf="0" app:layout_constraintTop_toTopOf="@+id/layout_seekbar_ambient_sound_left"/>
                            </androidx.constraintlayout.widget.ConstraintLayout>
                            <androidx.constraintlayout.widget.ConstraintLayout android:layout_gravity="center" android:id="@+id/layout_ambient_sound_level_right" android:layout_width="match_parent" android:layout_height="wrap_content" android:layout_marginTop="14dp">
                                <TextView android:textSize="13sp" android:textColor="@color/selector_list_desc_color" android:id="@+id/text_ambient_sound_right_title" android:focusable="true" android:layout_width="wrap_content" android:layout_height="wrap_content" android:text="@string/device_right" android:contentDescription="@string/device_right" android:fontFamily="@string/roboto_regular" android:paddingStart="@dimen/list_item_content_inset" android:paddingEnd="@dimen/list_item_content_inset" app:layout_constraintStart_toStartOf="0" app:layout_constraintTop_toTopOf="0"/>
                                <ImageView android:id="@+id/image_ambient_sound_right_minus" android:background="@drawable/background_button_ripple" android:layout_width="wrap_content" android:layout_height="wrap_content" android:src="@drawable/minus" android:adjustViewBounds="true" android:contentDescription="@string/volume_down" android:layout_marginStart="18dp" app:layout_constraintBottom_toBottomOf="@+id/layout_seekbar_ambient_sound_right" app:layout_constraintStart_toStartOf="0" app:layout_constraintTop_toTopOf="@+id/layout_seekbar_ambient_sound_right"/>
                                <com.samsung.accessory.hearablemgr.common.p010ui.AccessibilitySeekBarLayout android:id="@+id/layout_seekbar_ambient_sound_right" android:focusable="true" android:layout_width="0dp" android:layout_height="wrap_content" android:layout_marginTop="6dp" app:layout_constraintEnd_toStartOf="@+id/image_ambient_sound_right_plus" app:layout_constraintStart_toEndOf="@+id/image_ambient_sound_right_minus" app:layout_constraintTop_toBottomOf="@+id/text_ambient_sound_right_title">
                                    <androidx.appcompat.widget.AppCompatSeekBar android:id="@+id/seekbar_ambient_sound_right" android:layout_width="match_parent" android:layout_height="wrap_content" android:max="4" android:progressDrawable="@drawable/seekbar_progress" android:minHeight="32dp" android:thumb="@drawable/seekbar_thumb" android:importantForAccessibility="no" android:progressBackgroundTint="@color/progress_tint_color" android:tickMark="@drawable/tick_mark_basic"/>
                                </com.samsung.accessory.hearablemgr.common.p010ui.AccessibilitySeekBarLayout>
                                <ImageView android:id="@+id/image_ambient_sound_right_plus" android:background="@drawable/background_button_ripple" android:layout_width="wrap_content" android:layout_height="wrap_content" android:src="@drawable/plus" android:contentDescription="@string/volume_up" android:layout_marginEnd="18dp" app:layout_constraintBottom_toBottomOf="@+id/layout_seekbar_ambient_sound_right" app:layout_constraintEnd_toEndOf="0" app:layout_constraintTop_toTopOf="@+id/layout_seekbar_ambient_sound_right"/>
                            </androidx.constraintlayout.widget.ConstraintLayout>
                        </LinearLayout>
                    </com.samsung.accessory.hearablemgr.common.p010ui.RoundedCornerLayout>
                    <com.samsung.accessory.hearablemgr.common.p010ui.RoundedCornerLayout android:layout_width="match_parent" android:layout_height="match_parent" android:layout_marginTop="18dp">
                        <LinearLayout android:orientation="vertical" android:id="@+id/layout_ambient_sound_tone" android:background="@color/contents_background" android:paddingTop="14dp" android:paddingBottom="20dp" android:layout_width="match_parent" android:layout_height="wrap_content">
                            <TextView android:focusable="true" android:layout_width="wrap_content" android:layout_height="wrap_content" android:text="@string/ambient_sound_tone" android:contentDescription="@string/ambient_sound_tone" android:paddingStart="@dimen/list_item_content_inset" android:paddingEnd="@dimen/list_item_content_inset" style="@style/ListItemTitleTextAppearance"/>
                            <androidx.constraintlayout.widget.ConstraintLayout android:layout_gravity="center" android:layout_width="match_parent" android:layout_height="wrap_content" android:layout_marginTop="15dp" android:paddingStart="@dimen/list_item_content_inset" android:paddingEnd="@dimen/list_item_content_inset">
                                <TextView android:textSize="13sp" android:textColor="@color/selector_home_list_setting_value_color" android:gravity="start" android:id="@+id/text_ambient_sound_tone_soft" android:focusable="true" android:layout_width="wrap_content" android:layout_height="wrap_content" android:text="@string/ambient_sound_tone_soft" android:fontFamily="@string/roboto_regular" app:layout_constraintEnd_toStartOf="@+id/text_ambient_sound_tone_clear" app:layout_constraintHorizontal_chainStyle="1" app:layout_constraintStart_toStartOf="0" app:layout_constraintTop_toBottomOf="@+id/layout_seekbar_ambient_sound_tone"/>
                                <TextView android:textSize="13sp" android:textColor="@color/selector_home_list_setting_value_color" android:id="@+id/text_ambient_sound_tone_clear" android:focusable="true" android:layout_width="wrap_content" android:layout_height="wrap_content" android:text="@string/ambient_sound_tone_clear" android:fontFamily="@string/roboto_regular" app:layout_constraintEnd_toEndOf="0" app:layout_constraintStart_toEndOf="@+id/text_ambient_sound_tone_soft" app:layout_constraintTop_toBottomOf="@+id/layout_seekbar_ambient_sound_tone"/>
                                <com.samsung.accessory.hearablemgr.common.p010ui.AccessibilitySeekBarLayout android:id="@+id/layout_seekbar_ambient_sound_tone" android:focusable="true" android:layout_width="match_parent" android:layout_height="wrap_content" app:layout_constraintEnd_toEndOf="0" app:layout_constraintStart_toStartOf="0" app:layout_constraintTop_toTopOf="0">
                                    <androidx.appcompat.widget.AppCompatSeekBar android:id="@+id/seekbar_ambient_sound_tone" android:layout_width="match_parent" android:layout_height="wrap_content" android:max="4" android:progressDrawable="@drawable/seekbar_progress" android:minHeight="32dp" android:thumb="@drawable/seekbar_thumb" android:importantForAccessibility="no" android:progressBackgroundTint="@color/progress_tint_color" android:tickMark="@drawable/tick_mark_basic"/>
                                </com.samsung.accessory.hearablemgr.common.p010ui.AccessibilitySeekBarLayout>
                            </androidx.constraintlayout.widget.ConstraintLayout>
                        </LinearLayout>
                    </com.samsung.accessory.hearablemgr.common.p010ui.RoundedCornerLayout>
                </LinearLayout>
            </com.samsung.accessory.hearablemgr.common.p010ui.ResponsiveWidthLayout>
        </RelativeLayout>
    </com.samsung.accessory.hearablemgr.common.p010ui.ResponsiveNestedScrollView>
    <ImageView android:layout_gravity="bottom|right|center_vertical|center_horizontal|center|end" android:layout_width="26dp" android:layout_height="26dp" android:src="@drawable/rc_top_left" app:layout_anchor="@+id/nested_scroll" app:layout_anchorGravity="800033"/>
    <ImageView android:layout_gravity="bottom|left|center_vertical|center_horizontal|center|start" android:layout_width="26dp" android:layout_height="26dp" android:src="@drawable/rc_top_right" app:layout_anchor="@+id/nested_scroll" app:layout_anchorGravity="800035"/>
    <ImageView android:layout_gravity="top|right|center_vertical|center_horizontal|center|end" android:layout_width="26dp" android:layout_height="26dp" android:src="@drawable/rc_bottom_left" app:layout_anchor="@+id/nested_scroll" app:layout_anchorGravity="800053"/>
    <ImageView android:layout_gravity="top|left|center_vertical|center_horizontal|center|start" android:layout_width="26dp" android:layout_height="26dp" android:src="@drawable/rc_bottom_right" app:layout_anchor="@+id/nested_scroll" app:layout_anchorGravity="800055"/>
</androidx.coordinatorlayout.widget.CoordinatorLayout>
