<?xml version="1.0" encoding="utf-8"?>
<LinearLayout xmlns:android="http://schemas.android.com/apk/res/android" xmlns:app="http://schemas.android.com/apk/res-auto" xmlns:aapt="http://schemas.android.com/aapt" android:layout_gravity="center_horizontal" android:orientation="horizontal" android:id="@+id/sesl_timepicker_layout" android:layout_width="match_parent" android:layout_height="match_parent">
    <View android:id="@+id/sesl_datetimepicker_padding_left" android:visibility="gone" android:layout_width="0dp" android:layout_height="match_parent" android:layout_weight="6"/>
    <View android:id="@+id/sesl_timepicker_padding_left" android:visibility="gone" android:layout_width="0dp" android:layout_height="match_parent" android:layout_weight="@integer/sesl_spinning_datepicker_time_padding_left"/>
    <LinearLayout android:orientation="horizontal" android:layout_width="0dp" android:layout_height="match_parent" android:layout_weight="@integer/sesl_spinning_datepicker_time_hr_min_container_weight" android:layoutDirection="ltr">
        <androidx.picker.widget.SeslNumberPicker android:id="@+id/sesl_timepicker_hour" android:focusable="true" android:layout_width="0dp" android:layout_height="match_parent" android:layout_weight="@integer/sesl_spinning_datepicker_time_hr_weight"/>
        <TextView android:textSize="@dimen/sesl_time_picker_spinner_divider_text_size" android:textColor="@color/sesl_number_picker_text_color" android:gravity="center" android:layout_gravity="center" android:id="@+id/sesl_timepicker_divider" android:layout_width="0dp" android:layout_height="match_parent" android:includeFontPadding="false" android:layout_weight="2" android:importantForAccessibility="no"/>
        <androidx.picker.widget.SeslNumberPicker android:id="@+id/sesl_timepicker_minute" android:focusable="true" android:layout_width="0dp" android:layout_height="match_parent" android:layout_weight="@integer/sesl_spinning_datepicker_time_min_weight"/>
    </LinearLayout>
    <View android:id="@+id/sesl_timepicker_ampm_picker_margin" android:visibility="gone" android:layout_width="0dp" android:layout_height="match_parent" android:layout_weight="0"/>
    <androidx.picker.widget.SeslNumberPicker android:gravity="center_vertical" android:layout_gravity="center" android:id="@+id/sesl_timepicker_ampm" android:focusable="true" android:layout_width="0dp" android:layout_height="match_parent" android:layout_weight="@integer/sesl_spinning_datepicker_time_ampm_weight"/>
    <View android:id="@+id/sesl_timepicker_padding_right" android:visibility="gone" android:layout_width="0dp" android:layout_height="match_parent" android:layout_weight="@integer/sesl_spinning_datepicker_time_padding_right"/>
    <View android:id="@+id/sesl_datetimepicker_padding_right" android:layout_width="0dp" android:layout_height="match_parent" android:layout_weight="@integer/sesl_spinning_datepicker_time_margin_right_weight"/>
</LinearLayout>
