{"v":"5.7.6","fr":60,"ip":0,"op":61,"w":300,"h":300,"nm":"Deactivate_ambient sound dark","ddd":0,"assets":[],"layers":[{"ddd":0,"ind":1,"ty":4,"nm":"ic_amb_eq","sr":1,"ks":{"o":{"a":1,"k":[{"i":{"x":[0.833],"y":[0.833]},"o":{"x":[0.167],"y":[0.167]},"t":0,"s":[100]},{"t":10,"s":[30]}],"ix":11},"r":{"a":0,"k":0,"ix":10},"p":{"a":0,"k":[155.789,164.952,0],"ix":2,"l":2},"a":{"a":0,"k":[100.042,228.066,0],"ix":1,"l":2},"s":{"a":0,"k":[215.259,215.259,100],"ix":6,"l":2}},"ao":0,"shapes":[{"ty":"gr","it":[{"ind":0,"ty":"sh","ix":1,"ks":{"a":0,"k":{"i":[[0,0],[0,0]],"o":[[0,0],[0,0]],"v":[[135.727,226.358],[135.727,245.997]],"c":false},"ix":2},"nm":"패스 1","mn":"ADBE Vector Shape - Group","hd":false},{"ty":"st","c":{"a":1,"k":[{"i":{"x":[0.833],"y":[0.833]},"o":{"x":[0.167],"y":[0.167]},"t":0,"s":[1,1,1,1]},{"t":10,"s":[0.980392158031,0.980392158031,0.980392158031,1]}],"ix":3},"o":{"a":0,"k":100,"ix":4},"w":{"a":0,"k":6.5,"ix":5},"lc":2,"lj":1,"ml":10,"bm":0,"nm":"선 1","mn":"ADBE Vector Graphic - Stroke","hd":false},{"ty":"tr","p":{"a":0,"k":[0,0],"ix":2},"a":{"a":0,"k":[0,0],"ix":1},"s":{"a":0,"k":[100,100],"ix":3},"r":{"a":0,"k":0,"ix":6},"o":{"a":0,"k":100,"ix":7},"sk":{"a":0,"k":0,"ix":4},"sa":{"a":0,"k":0,"ix":5},"nm":"Transform"}],"nm":"그룹 1","np":2,"cix":2,"bm":0,"ix":1,"mn":"ADBE Vector Group","hd":false},{"ty":"gr","it":[{"ind":0,"ty":"sh","ix":1,"ks":{"a":0,"k":{"i":[[0,0],[0,0]],"o":[[0,0],[0,0]],"v":[[123.012,244.22],[123.012,228.06]],"c":false},"ix":2},"nm":"패스 1","mn":"ADBE Vector Shape - Group","hd":false},{"ty":"st","c":{"a":1,"k":[{"i":{"x":[0.833],"y":[0.833]},"o":{"x":[0.167],"y":[0.167]},"t":0,"s":[1,1,1,1]},{"t":10,"s":[0.980392158031,0.980392158031,0.980392158031,1]}],"ix":3},"o":{"a":0,"k":100,"ix":4},"w":{"a":0,"k":6.5,"ix":5},"lc":2,"lj":1,"ml":10,"bm":0,"nm":"선 1","mn":"ADBE Vector Graphic - Stroke","hd":false},{"ty":"tr","p":{"a":0,"k":[0,0],"ix":2},"a":{"a":0,"k":[0,0],"ix":1},"s":{"a":0,"k":[100,100],"ix":3},"r":{"a":0,"k":0,"ix":6},"o":{"a":0,"k":100,"ix":7},"sk":{"a":0,"k":0,"ix":4},"sa":{"a":0,"k":0,"ix":5},"nm":"Transform"}],"nm":"그룹 2","np":2,"cix":2,"bm":0,"ix":2,"mn":"ADBE Vector Group","hd":false},{"ty":"gr","it":[{"ind":0,"ty":"sh","ix":1,"ks":{"a":0,"k":{"i":[[0,0],[0,0]],"o":[[0,0],[0,0]],"v":[[110.298,252.253],[110.298,220.03]],"c":false},"ix":2},"nm":"패스 1","mn":"ADBE Vector Shape - Group","hd":false},{"ty":"st","c":{"a":1,"k":[{"i":{"x":[0.833],"y":[0.833]},"o":{"x":[0.167],"y":[0.167]},"t":0,"s":[1,1,1,1]},{"t":10,"s":[0.980392158031,0.980392158031,0.980392158031,1]}],"ix":3},"o":{"a":0,"k":100,"ix":4},"w":{"a":0,"k":6.5,"ix":5},"lc":2,"lj":1,"ml":10,"bm":0,"nm":"선 1","mn":"ADBE Vector Graphic - Stroke","hd":false},{"ty":"tr","p":{"a":0,"k":[110.389,220.694],"ix":2},"a":{"a":0,"k":[110.389,220.694],"ix":1},"s":{"a":0,"k":[100,100],"ix":3},"r":{"a":0,"k":0,"ix":6},"o":{"a":0,"k":100,"ix":7},"sk":{"a":0,"k":0,"ix":4},"sa":{"a":0,"k":0,"ix":5},"nm":"Transform"}],"nm":"그룹 3","np":2,"cix":2,"bm":0,"ix":3,"mn":"ADBE Vector Group","hd":false},{"ty":"gr","it":[{"ind":0,"ty":"sh","ix":1,"ks":{"a":0,"k":{"i":[[0,0],[0,0]],"o":[[0,0],[0,0]],"v":[[97.583,228.06],[97.583,244.22]],"c":false},"ix":2},"nm":"패스 1","mn":"ADBE Vector Shape - Group","hd":false},{"ty":"st","c":{"a":1,"k":[{"i":{"x":[0.833],"y":[0.833]},"o":{"x":[0.167],"y":[0.167]},"t":0,"s":[1,1,1,1]},{"t":10,"s":[0.980392158031,0.980392158031,0.980392158031,1]}],"ix":3},"o":{"a":0,"k":100,"ix":4},"w":{"a":0,"k":6.5,"ix":5},"lc":2,"lj":1,"ml":10,"bm":0,"nm":"선 1","mn":"ADBE Vector Graphic - Stroke","hd":false},{"ty":"tr","p":{"a":0,"k":[0,0],"ix":2},"a":{"a":0,"k":[0,0],"ix":1},"s":{"a":0,"k":[100,100],"ix":3},"r":{"a":0,"k":0,"ix":6},"o":{"a":0,"k":100,"ix":7},"sk":{"a":0,"k":0,"ix":4},"sa":{"a":0,"k":0,"ix":5},"nm":"Transform"}],"nm":"그룹 4","np":2,"cix":2,"bm":0,"ix":4,"mn":"ADBE Vector Group","hd":false}],"ip":0,"op":19800,"st":0,"bm":0},{"ddd":0,"ind":2,"ty":4,"nm":"ic_amb_body","sr":1,"ks":{"o":{"a":1,"k":[{"i":{"x":[0.833],"y":[0.833]},"o":{"x":[0.167],"y":[0.167]},"t":0,"s":[100]},{"t":10,"s":[30]}],"ix":11},"r":{"a":0,"k":0,"ix":10},"p":{"a":0,"k":[150,150,0],"ix":2,"l":2},"a":{"a":0,"k":[22,22,0],"ix":1,"l":2},"s":{"a":0,"k":[680.3,680.3,100],"ix":6,"l":2}},"ao":0,"shapes":[{"ty":"gr","it":[{"ind":0,"ty":"sh","ix":1,"ks":{"a":0,"k":{"i":[[2.349,0.943],[2.085,-1.243],[1.018,-2.539],[0.097,-0.291],[0.009,-0.004],[0.684,-1.701],[-0.72,-1.687],[-1.701,-0.683],[-0.863,0],[-1.115,0.661],[0.014,0.255],[0,0],[0,0],[-1.577,0],[-0.365,-0.17],[-1.572,0],[-0.081,-1.504],[0,0],[-0.4,0.011],[0.504,1.536]],"o":[[-2.412,-0.97],[-1.877,1.117],[-0.12,0.296],[-0.01,0.004],[-1.687,0.721],[-0.681,1.701],[0.72,1.685],[0.827,0.333],[1.22,0],[-0.076,-0.233],[0,0],[0,0],[0,-1.577],[0.429,0],[0.007,-1.571],[1.524,0],[0,0],[0.343,-0.159],[0.229,-1.584],[-0.835,-2.541]],"v":[[5.212,-9.552],[-1.662,-9.135],[-6.086,-3.546],[-6.406,-2.665],[-6.433,-2.659],[-10.108,1.097],[-10.05,6.35],[-6.295,10.023],[-3.743,10.522],[-0.188,9.528],[-0.326,8.794],[-0.33,8.638],[-0.33,3.482],[2.525,0.627],[3.727,0.891],[6.582,-1.951],[9.434,0.748],[9.437,0.891],[10.56,0.628],[10.15,-4.15]],"c":true},"ix":2},"nm":"패스 1","mn":"ADBE Vector Shape - Group","hd":false},{"ind":1,"ty":"sh","ix":2,"ks":{"a":0,"k":{"i":[[0.524,1.225],[-0.497,1.235],[-0.593,0.513],[-3.413,-1.525],[1.034,0.416]],"o":[[-0.523,-1.224],[0.3,-0.748],[-0.463,3.863],[-1.04,0.291],[-1.237,-0.496]],"v":[[-8.323,5.611],[-8.363,1.797],[-6.989,-0.097],[-2.409,8.454],[-5.594,8.279]],"c":true},"ix":2},"nm":"패스 2","mn":"ADBE Vector Shape - Group","hd":false},{"ty":"mm","mm":1,"nm":"패스 병합 1","mn":"ADBE Vector Filter - Merge","hd":false},{"ty":"fl","c":{"a":1,"k":[{"i":{"x":[0.833],"y":[0.833]},"o":{"x":[0.167],"y":[0.167]},"t":0,"s":[1,1,1,1]},{"t":10,"s":[0.980392158031,0.980392158031,0.980392158031,1]}],"ix":4},"o":{"a":0,"k":100,"ix":5},"r":1,"bm":0,"nm":"칠 1","mn":"ADBE Vector Graphic - Fill","hd":false},{"ty":"tr","p":{"a":0,"k":[19.514,20.732],"ix":2},"a":{"a":0,"k":[0,0],"ix":1},"s":{"a":0,"k":[100,100],"ix":3},"r":{"a":0,"k":0,"ix":6},"o":{"a":0,"k":100,"ix":7},"sk":{"a":0,"k":0,"ix":4},"sa":{"a":0,"k":0,"ix":5},"nm":"Transform"}],"nm":"그룹 5","np":4,"cix":2,"bm":0,"ix":1,"mn":"ADBE Vector Group","hd":false}],"ip":0,"op":19800,"st":0,"bm":0},{"ddd":0,"ind":3,"ty":4,"nm":"selected_circle","sr":1,"ks":{"o":{"a":0,"k":100,"ix":11},"r":{"a":0,"k":0,"ix":10},"p":{"a":0,"k":[0.25,150,0],"ix":2,"l":2},"a":{"a":0,"k":[0.001,22,0],"ix":1,"l":2},"s":{"a":1,"k":[{"i":{"x":[0.833,0.833,0.833],"y":[1,1,1]},"o":{"x":[0.167,0.167,0.167],"y":[0,0,0]},"t":0,"s":[680.727,680.727,100]},{"t":10,"s":[0,0,100]}],"ix":6,"l":2}},"ao":0,"shapes":[{"ty":"gr","it":[{"ind":0,"ty":"sh","ix":1,"ks":{"a":0,"k":{"i":[[-12.15,0],[0,12.15],[12.15,0],[0,-12.15]],"o":[[12.15,0],[0,-12.15],[-12.15,0],[0,12.15]],"v":[[0,22],[22,0],[0,-22],[-22,0]],"c":true},"ix":2},"nm":"패스 1","mn":"ADBE Vector Shape - Group","hd":false},{"ty":"fl","c":{"a":0,"k":[0,0.494117647409,0.870588243008,1],"ix":4},"o":{"a":0,"k":100,"ix":5},"r":1,"bm":0,"nm":"칠 1","mn":"ADBE Vector Graphic - Fill","hd":false},{"ty":"tr","p":{"a":0,"k":[22,22],"ix":2},"a":{"a":0,"k":[0,0],"ix":1},"s":{"a":0,"k":[100,100],"ix":3},"r":{"a":0,"k":0,"ix":6},"o":{"a":0,"k":100,"ix":7},"sk":{"a":0,"k":0,"ix":4},"sa":{"a":0,"k":0,"ix":5},"nm":"Transform"}],"nm":"그룹 7","np":2,"cix":2,"bm":0,"ix":1,"mn":"ADBE Vector Group","hd":false}],"ip":0,"op":19800,"st":0,"bm":0}],"markers":[]}