<?xml version="1.0" encoding="utf-8"?>
<androidx.coordinatorlayout.widget.CoordinatorLayout xmlns:android="http://schemas.android.com/apk/res/android" xmlns:app="http://schemas.android.com/apk/res-auto" xmlns:aapt="http://schemas.android.com/aapt" android:orientation="vertical" android:layout_width="match_parent" android:layout_height="match_parent">
    <com.google.android.material.appbar.AppBarLayout android:id="@+id/app_bar" android:layout_width="match_parent" android:layout_height="match_parent" app:expanded="false" style="@style/Widget.Design.AppBarLayout">
        <com.google.android.material.appbar.CollapsingToolbarLayout android:id="@+id/collapsing_app_bar" android:layout_width="match_parent" android:layout_height="match_parent" app:layout_scrollFlags="3" app:title="@string/settings_find_my_gear" style="@style/AppCollapsingToolbarStyle">
            <androidx.appcompat.widget.Toolbar android:layout_gravity="bottom" android:id="@+id/toolbar" android:layout_width="match_parent" android:layout_height="?attr/actionBarSize" app:layout_collapseMode="1" app:navigationIcon="?attr/homeAsUpIndicator"/>
        </com.google.android.material.appbar.CollapsingToolbarLayout>
    </com.google.android.material.appbar.AppBarLayout>
    <com.samsung.accessory.hearablemgr.common.p010ui.ResponsiveNestedScrollView android:layout_gravity="top|center_vertical|center_horizontal|center" android:id="@+id/nested_scroll" android:scrollbars="vertical" android:layout_width="match_parent" android:layout_height="match_parent" android:fillViewport="true" app:layout_behavior="@string/appbar_scrolling_view_behavior">
        <RelativeLayout android:layout_width="match_parent" android:layout_height="match_parent">
            <com.samsung.accessory.hearablemgr.common.p010ui.ResponsiveWidthLayout android:layout_width="match_parent" android:layout_height="match_parent" android:layout_centerHorizontal="true">
                <com.samsung.accessory.hearablemgr.common.p010ui.RoundedCornerLayout android:layout_width="match_parent" android:layout_height="match_parent">
                    <androidx.constraintlayout.widget.ConstraintLayout android:background="@color/contents_background" android:layout_width="match_parent" android:layout_height="match_parent" android:layoutDirection="ltr" android:paddingStart="@dimen/list_item_content_inset" android:paddingEnd="@dimen/list_item_content_inset">
                        <androidx.constraintlayout.widget.Guideline android:orientation="vertical" android:id="@+id/guide_line_left" android:layout_width="wrap_content" android:layout_height="wrap_content" app:layout_constraintGuide_percent="0.05"/>
                        <androidx.constraintlayout.widget.Guideline android:orientation="vertical" android:id="@+id/guide_line_center" android:layout_width="wrap_content" android:layout_height="wrap_content" app:layout_constraintGuide_percent="0.5"/>
                        <androidx.constraintlayout.widget.Guideline android:orientation="vertical" android:id="@+id/guide_line_right" android:layout_width="wrap_content" android:layout_height="wrap_content" app:layout_constraintGuide_percent="0.95"/>
                        <ImageView android:id="@+id/image_finding" android:layout_width="50dp" android:layout_height="50dp" android:layout_marginTop="40dp" android:src="@drawable/ic_ring_default" app:layout_constraintEnd_toEndOf="0" app:layout_constraintStart_toStartOf="0" app:layout_constraintTop_toTopOf="0"/>
                        <com.airbnb.lottie.LottieAnimationView android:id="@+id/animation_finding" android:layout_width="50dp" android:layout_height="50dp" android:layout_marginTop="40dp" app:layout_constraintEnd_toEndOf="0" app:layout_constraintStart_toStartOf="0" app:layout_constraintTop_toTopOf="0" app:lottie_fileName="ic_ring.json"/>
                        <TextView android:textSize="14sp" android:textColor="@color/item_title_color" android:gravity="center_horizontal" android:id="@+id/text_description" android:layout_width="0dp" android:layout_height="wrap_content" android:layout_marginTop="31dp" android:minHeight="80dp" android:text="@string/settings_find_my_gear_ready_desc" android:fontFamily="@string/roboto_regular" android:textDirection="locale" android:paddingStart="@dimen/list_item_content_inset" android:paddingEnd="@dimen/list_item_content_inset" app:layout_constraintEnd_toEndOf="0" app:layout_constraintStart_toStartOf="0" app:layout_constraintTop_toBottomOf="@+id/image_finding"/>
                        <View android:id="@+id/finding_layout_divider" android:background="@color/basic_divider_color" android:layout_width="match_parent" android:layout_height="@dimen/list_item_divider_height" android:layout_marginTop="32dp" android:layout_marginStart="@dimen/menu_icon_margin_start" android:layout_marginEnd="@dimen/menu_icon_margin_start" app:layout_constraintEnd_toEndOf="0" app:layout_constraintStart_toStartOf="0" app:layout_constraintTop_toBottomOf="@+id/text_description"/>
                        <View android:layout_gravity="center" android:id="@+id/device_layout" android:layout_width="0dp" android:layout_height="0dp" android:importantForAccessibility="yes" app:layout_constraintBottom_toBottomOf="@+id/text_right_connection" app:layout_constraintLeft_toLeftOf="@+id/guide_line_left" app:layout_constraintRight_toRightOf="@+id/guide_line_right" app:layout_constraintTop_toTopOf="@+id/finding_layout_divider"/>
                        <TextView android:textSize="14sp" android:textColor="@color/fme_side_text_color" android:id="@+id/text_left" android:layout_width="wrap_content" android:layout_height="wrap_content" android:layout_marginTop="40dp" android:text="L" android:importantForAccessibility="no" android:fontFamily="@string/roboto_regular" app:layout_constraintBottom_toTopOf="@+id/image_bud_left" app:layout_constraintEnd_toEndOf="@+id/image_bud_left" app:layout_constraintStart_toStartOf="@+id/image_bud_left" app:layout_constraintTop_toTopOf="@+id/finding_layout_divider"/>
                        <ImageView android:id="@+id/image_bud_left" android:layout_width="@dimen/card_earbuds_buds_width" android:layout_height="@dimen/card_earbuds_buds_height" android:layout_marginTop="12dp" android:src="@drawable/ic_tws_left_fit_test" android:scaleType="fitXY" app:layout_constraintLeft_toLeftOf="@+id/guide_line_left" app:layout_constraintRight_toRightOf="@+id/guide_line_center" app:layout_constraintTop_toBottomOf="@+id/text_left"/>
                        <TextView android:textSize="16sp" android:textStyle="bold" android:textColor="@color/item_title_color" android:id="@+id/text_left_connection" android:layout_width="wrap_content" android:layout_height="wrap_content" android:layout_marginTop="12dp" android:maxWidth="100dp" android:text="Connected" android:maxLines="3" android:importantForAccessibility="no" android:fontFamily="@string/roboto_regular" android:layout_marginStart="10dp" android:layout_marginEnd="10dp" app:layout_constraintLeft_toLeftOf="@+id/guide_line_left" app:layout_constraintRight_toRightOf="@+id/guide_line_center" app:layout_constraintTop_toBottomOf="@+id/image_bud_left"/>
                        <TextView android:textSize="14sp" android:textColor="@color/fme_side_text_color" android:id="@+id/text_right" android:layout_width="wrap_content" android:layout_height="wrap_content" android:layout_marginTop="40dp" android:text="R" android:importantForAccessibility="no" android:fontFamily="@string/roboto_regular" app:layout_constraintBottom_toTopOf="@+id/image_bud_right" app:layout_constraintEnd_toEndOf="@+id/image_bud_right" app:layout_constraintStart_toStartOf="@+id/image_bud_right" app:layout_constraintTop_toTopOf="@+id/finding_layout_divider"/>
                        <ImageView android:id="@+id/image_bud_right" android:layout_width="@dimen/card_earbuds_buds_width" android:layout_height="@dimen/card_earbuds_buds_height" android:layout_marginTop="12dp" android:src="@drawable/ic_tws_right_fit_test" android:scaleType="fitXY" app:layout_constraintLeft_toLeftOf="@+id/guide_line_center" app:layout_constraintRight_toRightOf="@+id/guide_line_right" app:layout_constraintTop_toBottomOf="@+id/text_right"/>
                        <TextView android:textSize="16sp" android:textStyle="bold" android:textColor="@color/item_title_color" android:id="@+id/text_right_connection" android:layout_width="wrap_content" android:layout_height="wrap_content" android:layout_marginTop="12dp" android:maxWidth="100dp" android:text="Connected" android:maxLines="3" android:importantForAccessibility="no" android:fontFamily="@string/roboto_regular" android:layout_marginStart="10dp" android:layout_marginEnd="10dp" app:layout_constraintLeft_toLeftOf="@+id/guide_line_center" app:layout_constraintRight_toRightOf="@+id/guide_line_right" app:layout_constraintTop_toBottomOf="@+id/image_bud_right"/>
                        <ImageView android:id="@+id/image_mute_left" android:layout_width="44dp" android:layout_height="44dp" android:layout_marginTop="24dp" android:src="@drawable/sound" android:importantForAccessibility="no" android:layout_marginStart="10dp" android:layout_marginEnd="10dp" app:layout_constraintLeft_toLeftOf="@+id/guide_line_left" app:layout_constraintRight_toRightOf="@+id/guide_line_center" app:layout_constraintTop_toBottomOf="@+id/text_left_connection"/>
                        <TextView android:textSize="14sp" android:textColor="@color/item_title_color" android:id="@+id/text_mute_left" android:visibility="gone" android:layout_width="wrap_content" android:layout_height="wrap_content" android:layout_marginTop="10dp" android:importantForAccessibility="no" android:fontFamily="@string/roboto_regular" app:layout_constraintEnd_toEndOf="@+id/image_mute_left" app:layout_constraintStart_toStartOf="@+id/image_mute_left" app:layout_constraintTop_toBottomOf="@+id/image_mute_left"/>
                        <ImageView android:id="@+id/image_mute_right" android:layout_width="44dp" android:layout_height="44dp" android:layout_marginTop="24dp" android:src="@drawable/sound" android:importantForAccessibility="no" android:layout_marginStart="10dp" android:layout_marginEnd="10dp" app:layout_constraintLeft_toLeftOf="@+id/guide_line_center" app:layout_constraintRight_toRightOf="@+id/guide_line_right" app:layout_constraintTop_toBottomOf="@+id/text_right_connection"/>
                        <TextView android:textSize="14sp" android:textColor="@color/item_title_color" android:id="@+id/text_mute_right" android:visibility="gone" android:layout_width="wrap_content" android:layout_height="wrap_content" android:layout_marginTop="10dp" android:importantForAccessibility="no" android:fontFamily="@string/roboto_regular" app:layout_constraintEnd_toEndOf="@+id/image_mute_right" app:layout_constraintStart_toStartOf="@+id/image_mute_right" app:layout_constraintTop_toBottomOf="@+id/image_mute_right"/>
                        <View android:id="@+id/button_mute_left" android:layout_width="0dp" android:layout_height="0dp" android:importantForAccessibility="yes" app:layout_constraintBottom_toBottomOf="@+id/text_mute_left" app:layout_constraintLeft_toLeftOf="@+id/guide_line_left" app:layout_constraintRight_toRightOf="@+id/guide_line_center" app:layout_constraintTop_toTopOf="@+id/image_mute_left"/>
                        <View android:id="@+id/button_mute_right" android:layout_width="0dp" android:layout_height="0dp" android:importantForAccessibility="yes" app:layout_constraintBottom_toBottomOf="@+id/text_mute_right" app:layout_constraintLeft_toLeftOf="@+id/guide_line_center" app:layout_constraintRight_toRightOf="@+id/guide_line_right" app:layout_constraintTop_toTopOf="@+id/image_mute_right"/>
                        <FrameLayout android:id="@+id/button_layout" android:background="@drawable/button_shape" android:layout_width="wrap_content" android:layout_height="wrap_content" android:layout_marginTop="74dp" android:layout_marginBottom="40dp" app:layout_constraintBottom_toBottomOf="0" app:layout_constraintEnd_toEndOf="0" app:layout_constraintStart_toStartOf="0" app:layout_constraintTop_toBottomOf="@+id/button_mute_right" app:layout_constraintVertical_bias="1">
                            <TextView android:id="@+id/text_button_name" android:layout_width="wrap_content" android:layout_height="wrap_content" android:minWidth="226dp" android:text="@string/settings_find_my_gear_btn_start" style="@style/ButtonTextStyle"/>
                        </FrameLayout>
                    </androidx.constraintlayout.widget.ConstraintLayout>
                </com.samsung.accessory.hearablemgr.common.p010ui.RoundedCornerLayout>
            </com.samsung.accessory.hearablemgr.common.p010ui.ResponsiveWidthLayout>
        </RelativeLayout>
    </com.samsung.accessory.hearablemgr.common.p010ui.ResponsiveNestedScrollView>
    <ImageView android:layout_gravity="bottom|right|center_vertical|center_horizontal|center|end" android:layout_width="26dp" android:layout_height="26dp" android:src="@drawable/rc_top_left" app:layout_anchor="@+id/nested_scroll" app:layout_anchorGravity="800033"/>
    <ImageView android:layout_gravity="bottom|left|center_vertical|center_horizontal|center|start" android:layout_width="26dp" android:layout_height="26dp" android:src="@drawable/rc_top_right" app:layout_anchor="@+id/nested_scroll" app:layout_anchorGravity="800035"/>
    <ImageView android:layout_gravity="top|right|center_vertical|center_horizontal|center|end" android:layout_width="26dp" android:layout_height="26dp" android:src="@drawable/rc_bottom_left" app:layout_anchor="@+id/nested_scroll" app:layout_anchorGravity="800053"/>
    <ImageView android:layout_gravity="top|left|center_vertical|center_horizontal|center|start" android:layout_width="26dp" android:layout_height="26dp" android:src="@drawable/rc_bottom_right" app:layout_anchor="@+id/nested_scroll" app:layout_anchorGravity="800055"/>
</androidx.coordinatorlayout.widget.CoordinatorLayout>
