<?xml version="1.0" encoding="utf-8"?>
<RelativeLayout xmlns:android="http://schemas.android.com/apk/res/android" xmlns:app="http://schemas.android.com/apk/res-auto" xmlns:aapt="http://schemas.android.com/aapt" android:layout_gravity="center_vertical" android:id="@+id/apps_parent" android:background="?android:attr/selectableItemBackground" android:layout_width="match_parent" android:layout_height="wrap_content" android:layout_centerVertical="true" android:paddingStart="20dp" android:paddingEnd="20dp">
    <View android:id="@+id/item_divider_view" android:background="@color/search_history_divider_color" android:visibility="visible" android:layout_width="match_parent" android:layout_height="1dp" android:layout_alignParentTop="true"/>
    <RelativeLayout android:id="@+id/clickable_layout" android:background="?android:attr/selectableItemBackground" android:layout_width="match_parent" android:layout_height="wrap_content" android:layout_alignParentTop="true" android:layout_centerVertical="true" android:paddingStart="4dp" android:paddingEnd="4dp" android:layout_alignParentStart="true" android:layout_alignParentEnd="true">
        <TextView android:textSize="13sp" android:textColor="@color/search_path_color" android:id="@+id/menu_path_name" android:layout_width="wrap_content" android:layout_height="wrap_content" android:layout_marginTop="14dp" android:text="PATH" android:fontFamily="sec-roboto-light"/>
        <RelativeLayout android:id="@+id/content_layout" android:layout_width="match_parent" android:layout_height="wrap_content" android:layout_marginBottom="16dp" android:layout_below="@+id/menu_path_name" android:layout_centerVertical="true" android:layout_alignStart="@+id/menu_path_name">
            <TextView android:textSize="17sp" android:textColor="@color/search_item_text_color" android:id="@+id/menu_title" android:layout_width="wrap_content" android:layout_height="wrap_content" android:text="NAME" android:fontFamily="sec-roboto-light"/>
            <TextView android:textSize="13sp" android:textColor="@color/search_path_color" android:id="@+id/menu_subtitle" android:layout_width="wrap_content" android:layout_height="wrap_content" android:text="SUBTITLE" android:layout_below="@+id/menu_title" android:layout_centerVertical="true" android:fontFamily="sec-roboto-light"/>
        </RelativeLayout>
    </RelativeLayout>
</RelativeLayout>
