<?xml version="1.0" encoding="utf-8"?>
<vector xmlns:android="http://schemas.android.com/apk/res/android" xmlns:app="http://schemas.android.com/apk/res-auto" xmlns:aapt="http://schemas.android.com/aapt" android:height="128dp" android:width="1136dp" android:viewportWidth="1136" android:viewportHeight="128">
    <group android:name="s3" android:pivotX="496" android:pivotY="64" android:scaleX="1" android:scaleY="1" android:rotation="0" android:translateX="72" android:translateY="1" aapt:layer_name="Track">
        <group android:name="s3pg1" android:pivotX="0" android:pivotY="0" android:scaleX="1" android:scaleY="1" android:rotation="0" android:translateX="152" android:translateY="572" aapt:layer_name="Group 5">
            <path android:name="s3pg1p10" android:fillColor="?attr/progressNormalColor" android:pathData="M -215.594 -517 C -215.594 -517 903.909 -517 903.909 -517 C 908.327 -517 911.909 -513.418 911.909 -509 C 911.909 -504.582 908.327 -501 903.909 -501 C 903.909 -501 -215.594 -501 -215.594 -501 C -220.012 -501 -223.594 -504.582 -223.594 -509 C -223.594 -513.418 -220.012 -517 -215.594 -517 Z" android:fillAlpha="0.6" aapt:layer_name="Path 1"/>
        </group>
    </group>
    <group>
        <clip-path android:name="trk_mask" android:pathData="M8.406,56h1119.503c4.418,0 8,3.582 8,8c0,4.418 -3.582,8 -8,8h-1119.503c-4.418,0 -8,-3.582 -8,-8c0,-4.418 3.582,-8 8,-8z"/>
        <group android:name="c2" android:pivotX="568" android:pivotY="64" android:scaleX="1" android:scaleY="1" android:rotation="0" android:translateX="0" android:translateY="0" aapt:layer_name="Progressbarindterminatenotrackxsmall">
            <group android:name="c2s4" android:pivotX="496" android:pivotY="64" android:scaleX="1" android:scaleY="1" android:rotation="0" android:translateX="49" android:translateY="1" aapt:layer_name="line1">
                <group android:name="c2s4pg1" android:pivotX="0" android:pivotY="0" android:scaleX="1" android:scaleY="1" android:rotation="0" android:translateX="85.5" android:translateY="572" aapt:layer_name="Group 5">
                    <path android:name="c2s4pg1p10" android:fillColor="?attr/progressActivatedColor" android:pathData="M -802.203 -517 C -802.203 -517 -145.646 -517 -145.646 -517 C -141.228 -517 -137.646 -513.418 -137.646 -509 C -137.646 -504.582 -141.228 -501 -145.646 -501 C -145.646 -501 -802.203 -501 -802.203 -501 C -806.621 -501 -810.202 -504.582 -810.202 -509 C -810.202 -513.418 -806.621 -517 -802.203 -517 Z" android:fillAlpha="1" aapt:layer_name="Path 1"/>
                </group>
            </group>
            <group android:name="c2s3" android:pivotX="496" android:pivotY="64" android:scaleX="1" android:scaleY="1" android:rotation="0" android:translateX="49" android:translateY="1" aapt:layer_name="line2">
                <group android:name="c2s3pg1" android:pivotX="0" android:pivotY="0" android:scaleX="1" android:scaleY="1" android:rotation="0" android:translateX="82.5" android:translateY="572" aapt:layer_name="Group 5">
                    <path android:name="c2s3pg1p10" android:fillColor="?attr/progressActivatedColor" android:pathData="M -527.203 -517 C -527.203 -517 -145.646 -517 -145.646 -517 C -141.228 -517 -137.646 -513.418 -137.646 -509 C -137.646 -504.582 -141.228 -501 -145.646 -501 C -145.646 -501 -527.203 -501 -527.203 -501 C -531.621 -501 -535.202 -504.582 -535.202 -509 C -535.202 -513.418 -531.621 -517 -527.203 -517 Z" android:fillAlpha="1" aapt:layer_name="Path 1"/>
                </group>
            </group>
            <group android:name="c2s2" android:pivotX="496" android:pivotY="64" android:scaleX="1" android:scaleY="1" android:rotation="0" android:translateX="48.5" android:translateY="1" aapt:layer_name="line3">
                <group android:name="c2s2pg1" android:pivotX="0" android:pivotY="0" android:scaleX="1" android:scaleY="1" android:rotation="0" android:translateX="80.5" android:translateY="572" aapt:layer_name="Group 5">
                    <path android:name="c2s2pg1p10" android:fillColor="?attr/progressActivatedColor" android:pathData="M -377.578 -517 C -377.578 -517 -144.021 -517 -144.021 -517 C -139.603 -517 -136.021 -513.418 -136.021 -509 C -136.021 -504.582 -139.603 -501 -144.021 -501 C -144.021 -501 -377.578 -501 -377.578 -501 C -381.996 -501 -385.577 -504.582 -385.577 -509 C -385.577 -513.418 -381.996 -517 -377.578 -517 Z" android:fillAlpha="1" aapt:layer_name="Path 1"/>
                </group>
            </group>
            <group android:name="c2s1" android:pivotX="496" android:pivotY="64" android:scaleX="1" android:scaleY="1" android:rotation="0" android:translateX="48.5" android:translateY="1" aapt:layer_name="line4">
                <group android:name="c2s1pg1" android:pivotX="0" android:pivotY="0" android:scaleX="1" android:scaleY="1" android:rotation="0" android:translateX="81.5" android:translateY="572" aapt:layer_name="Group 5">
                    <path android:name="c2s1pg1p10" android:fillColor="?attr/progressActivatedColor" android:pathData="M -144.23 -517 C -144.23 -517 -144.107 -517 -144.107 -517 C -139.689 -517 -136.107 -513.418 -136.107 -509 C -136.107 -504.582 -139.689 -501 -144.107 -501 C -144.107 -501 -144.23 -501 -144.23 -501 C -148.648 -501 -152.23 -504.582 -152.23 -509 C -152.23 -513.418 -148.648 -517 -144.23 -517 Z" android:fillAlpha="1" aapt:layer_name="Path 1"/>
                </group>
            </group>
        </group>
    </group>
</vector>
