<?xml version="1.0" encoding="utf-8"?>
<ScrollView xmlns:android="http://schemas.android.com/apk/res/android" xmlns:app="http://schemas.android.com/apk/res-auto" xmlns:aapt="http://schemas.android.com/aapt" android:layout_width="match_parent" android:layout_height="wrap_content">
    <LinearLayout android:orientation="vertical" android:paddingBottom="20dp" android:layout_width="match_parent" android:layout_height="wrap_content">
        <LinearLayout android:gravity="center" android:orientation="vertical" android:background="@drawable/shape_rounded_rectangle" android:padding="20dp" android:layout_width="match_parent" android:layout_height="wrap_content">
            <FrameLayout android:layout_gravity="center" android:id="@+id/layout_tips_basic_view_container" android:layout_width="@dimen/guide_image_width" android:layout_height="@dimen/guide_image_height"/>
        </LinearLayout>
        <TextView android:textAppearance="@style/TipsManualTitleTextAppearance" android:id="@+id/text_tips_basic_title" android:layout_width="wrap_content" android:layout_height="wrap_content" android:layout_marginTop="14dp" android:importantForAccessibility="no" android:layout_marginStart="@dimen/list_item_content_inset" android:layout_marginEnd="@dimen/list_item_content_inset"/>
        <LinearLayout android:orientation="vertical" android:id="@+id/layout_tips_basic_contents_container" android:layout_width="match_parent" android:layout_height="wrap_content" android:layout_marginTop="12dp" android:importantForAccessibility="noHideDescendants" android:paddingStart="@dimen/list_item_content_inset" android:paddingEnd="@dimen/list_item_content_inset">
            <TextView android:id="@+id/text_tips_basic_contents" android:layout_width="wrap_content" android:layout_height="wrap_content" style="@style/TipsManualContentsTextAppearance"/>
        </LinearLayout>
        <FrameLayout android:layout_gravity="end" android:id="@+id/layout_tips_basic_button" android:background="@drawable/button_shape_grey" android:visibility="gone" android:layout_width="wrap_content" android:layout_height="wrap_content" android:layout_marginTop="20dp" android:layout_marginEnd="@dimen/list_item_content_inset">
            <TextView android:id="@+id/text_tips_basic_button" android:layout_width="wrap_content" android:layout_height="wrap_content" android:minWidth="140dp" style="@style/ButtonGreyTextStyle"/>
        </FrameLayout>
    </LinearLayout>
</ScrollView>
