<?xml version="1.0" encoding="utf-8"?>
<LinearLayout xmlns:android="http://schemas.android.com/apk/res/android" xmlns:app="http://schemas.android.com/apk/res-auto" xmlns:aapt="http://schemas.android.com/aapt" android:orientation="vertical" android:layout_width="match_parent" android:layout_height="match_parent">
    <androidx.appcompat.widget.Toolbar android:id="@+id/toolbar" android:layout_width="match_parent" android:layout_height="?attr/actionBarSize" app:background="@android:color/transparent" app:navigationIcon="?attr/homeAsUpIndicator" app:title="title"/>
    <com.samsung.accessory.hearablemgr.common.p010ui.ResponsiveWidthLayout android:layout_gravity="center_horizontal" android:layout_width="match_parent" android:layout_height="match_parent">
        <com.samsung.accessory.hearablemgr.common.p010ui.RoundedCornerLayout android:layout_width="match_parent" android:layout_height="wrap_content">
            <ScrollView android:layout_width="match_parent" android:layout_height="wrap_content">
                <LinearLayout android:orientation="vertical" android:layout_width="match_parent" android:layout_height="wrap_content" android:layout_marginBottom="24dp">
                    <LinearLayout android:gravity="center_horizontal" android:orientation="vertical" android:layout_width="match_parent" android:layout_height="wrap_content" android:layout_marginTop="34dp" android:layout_marginBottom="38dp">
                        <ImageView android:id="@+id/image_view" android:visibility="gone" android:layout_width="wrap_content" android:layout_height="wrap_content" android:layout_marginBottom="11dp"/>
                        <TextView android:textSize="27dp" android:textStyle="bold" android:textColor="@color/color_list_item_text" android:gravity="center" android:id="@+id/text_title" android:layout_width="match_parent" android:layout_height="wrap_content" android:text="title" android:lineSpacingExtra="5dp" android:fontFamily="@string/roboto_medium" android:layout_marginStart="24dp" android:layout_marginEnd="24dp"/>
                    </LinearLayout>
                    <TextView android:textSize="13sp" android:textColor="@color/color_contents_text" android:id="@+id/text_description" android:layout_width="wrap_content" android:layout_height="wrap_content" android:text="description" android:lineSpacingExtra="9sp" android:fontFamily="@string/roboto_regular" android:layout_marginStart="24dp" android:layout_marginEnd="24dp"/>
                </LinearLayout>
            </ScrollView>
        </com.samsung.accessory.hearablemgr.common.p010ui.RoundedCornerLayout>
    </com.samsung.accessory.hearablemgr.common.p010ui.ResponsiveWidthLayout>
</LinearLayout>
