<?xml version="1.0" encoding="utf-8"?>
<androidx.coordinatorlayout.widget.CoordinatorLayout xmlns:android="http://schemas.android.com/apk/res/android" xmlns:app="http://schemas.android.com/apk/res-auto" xmlns:aapt="http://schemas.android.com/aapt" android:layout_width="match_parent" android:layout_height="match_parent">
    <com.google.android.material.appbar.AppBarLayout android:id="@+id/app_bar" android:layout_width="match_parent" android:layout_height="match_parent" app:expanded="false" style="@style/Widget.Design.AppBarLayout">
        <com.google.android.material.appbar.CollapsingToolbarLayout android:id="@+id/collapsing_app_bar" android:layout_width="match_parent" android:layout_height="match_parent" app:layout_scrollFlags="3" app:title="@string/about_earbuds_battery_information" style="@style/AppCollapsingToolbarStyle">
            <androidx.appcompat.widget.Toolbar android:layout_gravity="bottom" android:id="@+id/toolbar" android:layout_width="match_parent" android:layout_height="?attr/actionBarSize" app:layout_collapseMode="1" app:navigationIcon="?attr/homeAsUpIndicator" app:title="@string/about_earbuds_battery_information"/>
        </com.google.android.material.appbar.CollapsingToolbarLayout>
    </com.google.android.material.appbar.AppBarLayout>
    <com.samsung.accessory.hearablemgr.common.p010ui.ResponsiveNestedScrollView android:layout_gravity="top|center_vertical|center_horizontal|center" android:id="@+id/nested_scroll" android:scrollbars="vertical" android:layout_width="match_parent" android:layout_height="match_parent" app:layout_behavior="@string/appbar_scrolling_view_behavior">
        <RelativeLayout android:layout_width="match_parent" android:layout_height="wrap_content">
            <com.samsung.accessory.hearablemgr.common.p010ui.ResponsiveWidthLayout android:layout_width="match_parent" android:layout_height="match_parent" android:layout_centerHorizontal="true">
                <LinearLayout android:orientation="vertical" android:layout_width="match_parent" android:layout_height="wrap_content">
                    <TextView android:gravity="center_vertical" android:paddingTop="@dimen/battery_sub_header_top_padding" android:paddingBottom="5dp" android:layout_width="match_parent" android:layout_height="wrap_content" android:minHeight="36dp" android:text="@string/earbuds" android:paddingStart="@dimen/list_item_content_inset" android:paddingEnd="@dimen/list_item_content_inset" style="@style/SubheaderTextAppearance"/>
                    <com.samsung.accessory.hearablemgr.common.p010ui.RoundedCornerLayout android:layout_width="match_parent" android:layout_height="wrap_content">
                        <LinearLayout android:orientation="vertical" android:background="@color/contents_background" android:layout_width="match_parent" android:layout_height="wrap_content">
                            <LinearLayout android:orientation="vertical" android:id="@+id/layout_earbuds_battery_rated" android:paddingTop="@dimen/list_item_text_top_bottom_padding" android:paddingBottom="@dimen/list_item_text_top_bottom_padding" android:layout_width="match_parent" android:layout_height="wrap_content" android:minHeight="@dimen/list_item_1line_min_height" android:importantForAccessibility="yes" android:paddingStart="@dimen/list_item_content_inset" android:paddingEnd="@dimen/list_item_content_inset">
                                <TextView android:layout_width="match_parent" android:layout_height="wrap_content" android:text="@string/rated" style="@style/ListItemTitleTextAppearance"/>
                                <TextView android:id="@+id/earbuds_battery_rated" android:layout_width="match_parent" android:layout_height="wrap_content" android:text="@string/battery_rated" style="@style/ListItemDescriptionTextAppearance"/>
                            </LinearLayout>
                            <View android:background="@color/basic_divider_color" android:layout_width="match_parent" android:layout_height="@dimen/list_item_divider_height" android:layout_marginStart="@dimen/list_item_divider_inset" android:layout_marginEnd="@dimen/list_item_divider_inset"/>
                            <LinearLayout android:orientation="vertical" android:id="@+id/layout_earbuds_battery_capacity" android:paddingTop="@dimen/list_item_text_top_bottom_padding" android:paddingBottom="@dimen/list_item_text_top_bottom_padding" android:layout_width="match_parent" android:layout_height="wrap_content" android:minHeight="@dimen/list_item_1line_min_height" android:importantForAccessibility="yes" android:paddingStart="@dimen/list_item_content_inset" android:paddingEnd="@dimen/list_item_content_inset">
                                <TextView android:layout_width="match_parent" android:layout_height="wrap_content" android:text="@string/battery_capacity" style="@style/ListItemTitleTextAppearance"/>
                                <TextView android:id="@+id/earbuds_battery_capacity" android:layout_width="match_parent" android:layout_height="wrap_content" android:text="@string/battery_typical_capacity" style="@style/ListItemDescriptionTextAppearance"/>
                            </LinearLayout>
                        </LinearLayout>
                    </com.samsung.accessory.hearablemgr.common.p010ui.RoundedCornerLayout>
                    <TextView android:gravity="center_vertical" android:paddingTop="@dimen/battery_sub_header_top_padding" android:paddingBottom="5dp" android:layout_width="match_parent" android:layout_height="wrap_content" android:minHeight="36dp" android:text="@string/charging_case" android:paddingStart="@dimen/list_item_content_inset" android:paddingEnd="@dimen/list_item_content_inset" style="@style/SubheaderTextAppearance"/>
                    <com.samsung.accessory.hearablemgr.common.p010ui.RoundedCornerLayout android:layout_width="match_parent" android:layout_height="wrap_content">
                        <LinearLayout android:orientation="vertical" android:background="@color/contents_background" android:layout_width="match_parent" android:layout_height="wrap_content">
                            <LinearLayout android:orientation="vertical" android:id="@+id/layout_charging_case_rated" android:paddingTop="@dimen/list_item_text_top_bottom_padding" android:paddingBottom="@dimen/list_item_text_top_bottom_padding" android:layout_width="match_parent" android:layout_height="wrap_content" android:minHeight="@dimen/list_item_1line_min_height" android:importantForAccessibility="yes" android:paddingStart="@dimen/list_item_content_inset" android:paddingEnd="@dimen/list_item_content_inset">
                                <TextView android:layout_width="match_parent" android:layout_height="wrap_content" android:text="@string/rated" style="@style/ListItemTitleTextAppearance"/>
                                <TextView android:id="@+id/charging_case_rated" android:layout_width="match_parent" android:layout_height="wrap_content" android:text="@string/battery_rated" style="@style/ListItemDescriptionTextAppearance"/>
                            </LinearLayout>
                            <View android:background="@color/basic_divider_color" android:layout_width="match_parent" android:layout_height="@dimen/list_item_divider_height" android:layout_marginStart="@dimen/list_item_divider_inset" android:layout_marginEnd="@dimen/list_item_divider_inset"/>
                            <LinearLayout android:orientation="vertical" android:id="@+id/layout_charging_case_capacity" android:paddingTop="@dimen/list_item_text_top_bottom_padding" android:paddingBottom="@dimen/list_item_text_top_bottom_padding" android:layout_width="match_parent" android:layout_height="wrap_content" android:minHeight="@dimen/list_item_1line_min_height" android:importantForAccessibility="yes" android:paddingStart="@dimen/list_item_content_inset" android:paddingEnd="@dimen/list_item_content_inset">
                                <TextView android:layout_width="match_parent" android:layout_height="wrap_content" android:text="@string/battery_capacity" style="@style/ListItemTitleTextAppearance"/>
                                <TextView android:id="@+id/charging_case_capacity" android:layout_width="match_parent" android:layout_height="wrap_content" android:text="@string/battery_typical_capacity" style="@style/ListItemDescriptionTextAppearance"/>
                            </LinearLayout>
                        </LinearLayout>
                    </com.samsung.accessory.hearablemgr.common.p010ui.RoundedCornerLayout>
                    <TextView android:textSize="14sp" android:textColor="@color/color_text_battery_info_capacity_desc" android:gravity="center_vertical" android:id="@+id/text_typical_capacity_description" android:layout_width="match_parent" android:layout_height="wrap_content" android:layout_marginTop="17dp" android:text="@string/typical_capacity_desc" android:includeFontPadding="false" android:lineSpacingExtra="6sp" android:fontFamily="@string/roboto_regular" android:textDirection="locale" android:layout_marginStart="@dimen/list_item_content_inset" android:layout_marginEnd="@dimen/list_item_content_inset"/>
                    <TextView android:textSize="14sp" android:textColor="@color/color_text_battery_info_capacity_desc" android:gravity="center_vertical" android:id="@+id/text_rated_capacity_description" android:layout_width="match_parent" android:layout_height="wrap_content" android:layout_marginTop="10dp" android:text="@string/rated_capacity_desc" android:includeFontPadding="false" android:lineSpacingExtra="6sp" android:fontFamily="@string/roboto_regular" android:textDirection="locale" android:layout_marginStart="@dimen/list_item_content_inset" android:layout_marginEnd="@dimen/list_item_content_inset"/>
                </LinearLayout>
            </com.samsung.accessory.hearablemgr.common.p010ui.ResponsiveWidthLayout>
        </RelativeLayout>
    </com.samsung.accessory.hearablemgr.common.p010ui.ResponsiveNestedScrollView>
    <ImageView android:layout_gravity="bottom|right|center_vertical|center_horizontal|center|end" android:layout_width="26dp" android:layout_height="26dp" android:src="@drawable/rc_top_left" app:layout_anchor="@+id/nested_scroll" app:layout_anchorGravity="800033"/>
    <ImageView android:layout_gravity="bottom|left|center_vertical|center_horizontal|center|start" android:layout_width="26dp" android:layout_height="26dp" android:src="@drawable/rc_top_right" app:layout_anchor="@+id/nested_scroll" app:layout_anchorGravity="800035"/>
    <ImageView android:layout_gravity="top|right|center_vertical|center_horizontal|center|end" android:layout_width="26dp" android:layout_height="26dp" android:src="@drawable/rc_bottom_left" app:layout_anchor="@+id/nested_scroll" app:layout_anchorGravity="800053"/>
    <ImageView android:layout_gravity="top|left|center_vertical|center_horizontal|center|start" android:layout_width="26dp" android:layout_height="26dp" android:src="@drawable/rc_bottom_right" app:layout_anchor="@+id/nested_scroll" app:layout_anchorGravity="800055"/>
</androidx.coordinatorlayout.widget.CoordinatorLayout>
