<?xml version="1.0" encoding="utf-8"?>
<LinearLayout xmlns:android="http://schemas.android.com/apk/res/android" xmlns:app="http://schemas.android.com/apk/res-auto" xmlns:aapt="http://schemas.android.com/aapt" android:orientation="vertical" android:layout_width="match_parent" android:layout_height="wrap_content">
    <LinearLayout android:orientation="vertical" android:id="@+id/checkbox_item_at_least_14" android:layout_width="match_parent" android:layout_height="wrap_content">
        <LinearLayout android:gravity="center_vertical" android:orientation="horizontal" android:id="@+id/layout_checkbox_item" android:layout_width="wrap_content" android:layout_height="wrap_content" android:layout_marginStart="33dp" android:layout_marginEnd="38dp">
            <androidx.appcompat.widget.AppCompatCheckBox android:id="@+id/checkbox" android:background="@null" android:clickable="false" android:layout_width="wrap_content" android:layout_height="wrap_content"/>
            <TextView android:textSize="14sp" android:textColor="@color/color_text_description_setup_wizard" android:gravity="center_vertical" android:id="@+id/text_title" android:paddingTop="6dp" android:paddingBottom="6dp" android:layout_width="wrap_content" android:layout_height="wrap_content" android:minHeight="32dp" android:text="@string/i_am_at_least_14_years_old" android:lineSpacingExtra="2sp" android:fontFamily="@string/roboto_regular" android:layout_marginStart="6dp"/>
        </LinearLayout>
    </LinearLayout>
    <TextView android:textSize="14sp" android:textColor="@color/color_text_description_setup_wizard" android:textColorLink="@color/color_text_description_setup_wizard" android:id="@+id/text_description" android:paddingBottom="4sp" android:layout_width="match_parent" android:layout_height="wrap_content" android:text="@string/to_continuing" android:includeFontPadding="true" android:lineSpacingExtra="8sp" android:fontFamily="@string/roboto_regular" android:layout_marginStart="42dp" android:layout_marginEnd="38dp"/>
    <TextView android:textSize="14sp" android:textColor="@color/color_text_description_setup_wizard" android:textColorLink="@color/color_text_description_setup_wizard" android:id="@+id/text_description_2" android:paddingBottom="4sp" android:visibility="gone" android:layout_width="match_parent" android:layout_height="wrap_content" android:layout_marginTop="22sp" android:includeFontPadding="true" android:lineSpacingExtra="8sp" android:fontFamily="@string/roboto_regular" android:layout_marginStart="42dp" android:layout_marginEnd="38dp"/>
    <LinearLayout android:orientation="vertical" android:id="@+id/checkbox_item_personal_info" android:layout_width="match_parent" android:layout_height="wrap_content" android:layout_marginTop="10dp">
        <LinearLayout android:gravity="center_vertical" android:orientation="horizontal" android:id="@+id/layout_checkbox_item" android:layout_width="wrap_content" android:layout_height="wrap_content" android:layout_marginStart="33dp" android:layout_marginEnd="38dp">
            <androidx.appcompat.widget.AppCompatCheckBox android:id="@+id/checkbox" android:background="@null" android:clickable="false" android:layout_width="wrap_content" android:layout_height="wrap_content"/>
            <TextView android:textSize="14sp" android:textColor="@color/color_text_description_setup_wizard" android:gravity="center_vertical" android:id="@+id/text_title" android:paddingTop="6dp" android:paddingBottom="6dp" android:layout_width="wrap_content" android:layout_height="wrap_content" android:minHeight="32dp" android:text="@string/collection_and_use_of_personal_information" android:lineSpacingExtra="2sp" android:fontFamily="@string/roboto_regular" android:layout_marginStart="6dp"/>
        </LinearLayout>
        <TextView android:textSize="14sp" android:textStyle="bold" android:textColor="@color/color_text_description_setup_wizard" android:id="@+id/text_details" android:paddingTop="6dp" android:paddingBottom="6dp" android:layout_width="wrap_content" android:layout_height="wrap_content" android:text="@string/details" android:fontFamily="@string/roboto_medium" android:layout_marginStart="71dp" android:layout_marginEnd="38dp"/>
    </LinearLayout>
    <LinearLayout android:orientation="vertical" android:id="@+id/checkbox_item_cross_border" android:layout_width="match_parent" android:layout_height="wrap_content" android:layout_marginTop="10dp">
        <LinearLayout android:gravity="center_vertical" android:orientation="horizontal" android:id="@+id/layout_checkbox_item" android:layout_width="wrap_content" android:layout_height="wrap_content" android:layout_marginStart="33dp" android:layout_marginEnd="38dp">
            <androidx.appcompat.widget.AppCompatCheckBox android:id="@+id/checkbox" android:background="@null" android:clickable="false" android:layout_width="wrap_content" android:layout_height="wrap_content"/>
            <TextView android:textSize="14sp" android:textColor="@color/color_text_description_setup_wizard" android:gravity="center_vertical" android:id="@+id/text_title" android:paddingTop="6dp" android:paddingBottom="6dp" android:layout_width="wrap_content" android:layout_height="wrap_content" android:minHeight="32dp" android:text="@string/cross_border_transfer_of_personal_information" android:lineSpacingExtra="2sp" android:fontFamily="@string/roboto_regular" android:layout_marginStart="6dp"/>
        </LinearLayout>
        <TextView android:textSize="14sp" android:textStyle="bold" android:textColor="@color/color_text_description_setup_wizard" android:id="@+id/text_details" android:paddingTop="6dp" android:paddingBottom="6dp" android:layout_width="wrap_content" android:layout_height="wrap_content" android:text="@string/details" android:fontFamily="@string/roboto_medium" android:layout_marginStart="71dp" android:layout_marginEnd="38dp"/>
    </LinearLayout>
    <include layout="@layout/layout_checkbox_item_auto_update_gw"/>
    <include layout="@layout/layout_checkbox_item_auto_update"/>
    <include layout="@layout/layout_checkbox_item_all"/>
</LinearLayout>
