<?xml version="1.0" encoding="utf-8"?>
<androidx.constraintlayout.widget.ConstraintLayout xmlns:android="http://schemas.android.com/apk/res/android" xmlns:app="http://schemas.android.com/apk/res-auto" xmlns:aapt="http://schemas.android.com/aapt" android:background="@color/contents_background" android:paddingTop="40dp" android:paddingBottom="40dp" android:layout_width="match_parent" android:layout_height="match_parent" android:paddingStart="@dimen/list_item_content_inset" android:paddingEnd="@dimen/list_item_content_inset">
    <LinearLayout android:gravity="center" android:orientation="vertical" android:id="@+id/layout_vi" android:padding="20dp" android:layout_width="match_parent" android:layout_height="wrap_content" app:layout_constraintEnd_toEndOf="0" app:layout_constraintStart_toStartOf="0" app:layout_constraintTop_toTopOf="0">
        <com.airbnb.lottie.LottieAnimationView android:layout_gravity="center" android:id="@+id/layout_vi_animation" android:visibility="visible" android:layout_width="@dimen/hearing_test_vi_width" android:layout_height="@dimen/hearing_test_vi_height" app:lottie_autoPlay="true" app:lottie_loop="true" app:lottie_rawRes="@raw/music_level_meter"/>
    </LinearLayout>
    <TextView android:id="@+id/text_auto_adjust_sound_test_desc1" android:focusable="true" android:layout_width="wrap_content" android:layout_height="wrap_content" android:layout_marginTop="14dp" android:text="@string/choose_the_ambient_sound" app:layout_constraintStart_toStartOf="0" app:layout_constraintTop_toBottomOf="@+id/layout_vi" style="@style/TipsManualTitleTextAppearance"/>
    <TextView android:id="@+id/text_auto_adjust_sound_test_desc2" android:focusable="true" android:layout_width="wrap_content" android:layout_height="wrap_content" android:layout_marginTop="14dp" app:layout_constraintStart_toStartOf="0" app:layout_constraintTop_toBottomOf="@+id/text_auto_adjust_sound_test_desc1" style="@style/TipsManualContentsTextAppearance"/>
    <androidx.constraintlayout.widget.Guideline android:orientation="vertical" android:id="@+id/guide_line_left" android:layout_width="wrap_content" android:layout_height="wrap_content" app:layout_constraintGuide_percent="0.05"/>
    <androidx.constraintlayout.widget.Guideline android:orientation="vertical" android:id="@+id/guide_line_center" android:layout_width="wrap_content" android:layout_height="wrap_content" app:layout_constraintGuide_percent="0.5"/>
    <androidx.constraintlayout.widget.Guideline android:orientation="vertical" android:id="@+id/guide_line_right" android:layout_width="wrap_content" android:layout_height="wrap_content" app:layout_constraintGuide_percent="0.95"/>
    <com.samsung.accessory.hearablemgr.common.p010ui.VerticalRadio android:id="@+id/radio_auto_adjust_test_option1" android:layout_width="wrap_content" android:layout_height="wrap_content" android:layout_marginTop="40dp" app:layout_constraintLeft_toLeftOf="@+id/guide_line_left" app:layout_constraintRight_toLeftOf="@+id/guide_line_center" app:layout_constraintTop_toBottomOf="@+id/text_auto_adjust_sound_test_desc2"/>
    <com.samsung.accessory.hearablemgr.common.p010ui.VerticalRadio android:id="@+id/radio_auto_adjust_test_option2" android:layout_width="wrap_content" android:layout_height="wrap_content" android:layout_marginTop="40dp" app:layout_constraintLeft_toLeftOf="@+id/guide_line_center" app:layout_constraintRight_toRightOf="@+id/guide_line_right" app:layout_constraintTop_toBottomOf="@+id/text_auto_adjust_sound_test_desc2"/>
    <FrameLayout android:id="@+id/layout_auto_adjust_test_button_prev" android:visibility="visible" android:layout_width="wrap_content" android:layout_height="wrap_content" android:layout_marginTop="20dp" app:layout_constraintBottom_toBottomOf="0" app:layout_constraintStart_toStartOf="0" app:layout_constraintTop_toBottomOf="@+id/radio_auto_adjust_test_option1" app:layout_constraintVertical_bias="1">
        <TextView android:textSize="15sp" android:textColor="@color/color_primary" android:id="@+id/text_auto_adjust_test_button_prev" android:layout_width="wrap_content" android:layout_height="wrap_content" android:minWidth="64dp" android:text="@string/back" style="@style/ButtonGreyTextStyle"/>
    </FrameLayout>
    <FrameLayout android:layout_gravity="center" android:id="@+id/layout_auto_adjust_test_button_next" android:background="@drawable/button_shape" android:visibility="visible" android:layout_width="wrap_content" android:layout_height="wrap_content" android:layout_marginTop="20dp" app:layout_constraintBottom_toBottomOf="0" app:layout_constraintEnd_toEndOf="0" app:layout_constraintTop_toBottomOf="@+id/radio_auto_adjust_test_option2" app:layout_constraintVertical_bias="1">
        <TextView android:textSize="15sp" android:textColor="#fafafa" android:id="@+id/text_auto_adjust_test_button_next" android:layout_width="wrap_content" android:layout_height="wrap_content" android:minWidth="64dp" android:text="@string/next" style="@style/ButtonTextStyle"/>
    </FrameLayout>
    <FrameLayout android:layout_gravity="center" android:id="@+id/layout_auto_adjust_test_button_center" android:background="@drawable/button_shape" android:visibility="gone" android:layout_width="wrap_content" android:layout_height="wrap_content" android:layout_marginTop="20dp" app:layout_constraintBottom_toBottomOf="0" app:layout_constraintEnd_toEndOf="0" app:layout_constraintStart_toStartOf="0" app:layout_constraintTop_toBottomOf="@+id/radio_auto_adjust_test_option2" app:layout_constraintVertical_bias="1">
        <TextView android:id="@+id/text_auto_adjust_test_button_center" android:layout_width="wrap_content" android:layout_height="wrap_content" android:minWidth="216dp" android:text="@string/button_done" style="@style/ButtonTextStyle"/>
    </FrameLayout>
</androidx.constraintlayout.widget.ConstraintLayout>
