<?xml version="1.0" encoding="utf-8"?>
<androidx.coordinatorlayout.widget.CoordinatorLayout xmlns:android="http://schemas.android.com/apk/res/android" xmlns:app="http://schemas.android.com/apk/res-auto" xmlns:aapt="http://schemas.android.com/aapt" android:id="@+id/col" android:layout_width="match_parent" android:layout_height="match_parent">
    <com.google.android.material.appbar.AppBarLayout android:id="@+id/app_bar" android:layout_width="match_parent" android:layout_height="match_parent" app:expanded="false" style="@style/Widget.Design.AppBarLayout">
        <com.google.android.material.appbar.CollapsingToolbarLayout android:id="@+id/collapsing_app_bar" android:layout_width="match_parent" android:layout_height="match_parent" app:layout_scrollFlags="3" app:title="Verification" style="@style/AppCollapsingToolbarStyle">
            <androidx.appcompat.widget.Toolbar android:layout_gravity="bottom" android:id="@+id/toolbar" android:layout_width="match_parent" android:layout_height="?attr/actionBarSize" app:layout_collapseMode="1" app:navigationIcon="?attr/homeAsUpIndicator" app:title="Verification"/>
        </com.google.android.material.appbar.CollapsingToolbarLayout>
    </com.google.android.material.appbar.AppBarLayout>
    <com.samsung.accessory.hearablemgr.common.p010ui.ResponsiveNestedScrollView android:layout_gravity="top|center_vertical|center_horizontal|center" android:id="@+id/nested_scroll" android:layout_width="match_parent" android:layout_height="match_parent" app:layout_behavior="@string/appbar_scrolling_view_behavior">
        <com.samsung.accessory.hearablemgr.common.p010ui.RoundedCornerLayout android:layout_width="match_parent" android:layout_height="wrap_content">
            <LinearLayout android:orientation="vertical" android:background="@color/contents_background" android:layout_width="match_parent" android:layout_height="wrap_content">
                <RelativeLayout android:id="@+id/layout_debug" android:background="?android:attr/selectableItemBackground" android:layout_width="match_parent" android:layout_height="wrap_content" android:minHeight="@dimen/list_item_1line_min_height">
                    <TextView android:id="@+id/menu_list_debug_main_txt" android:layout_width="wrap_content" android:layout_height="wrap_content" android:text="1. Debug msg" android:layout_centerVertical="true" android:layout_marginStart="20dp" style="@style/ListItemTitleTextAppearance"/>
                </RelativeLayout>
                <View android:background="@color/basic_divider_color" android:layout_width="match_parent" android:layout_height="@dimen/list_item_divider_height" android:layout_marginStart="20dp" android:layout_marginEnd="20dp"/>
                <RelativeLayout android:id="@+id/layout_dumplog" android:background="?android:attr/selectableItemBackground" android:layout_width="match_parent" android:layout_height="wrap_content" android:minHeight="@dimen/list_item_1line_min_height">
                    <TextView android:id="@+id/menu_list_dumplog_main_txt" android:layout_width="wrap_content" android:layout_height="wrap_content" android:text="2. Device Log" android:layout_centerVertical="true" android:layout_marginStart="20dp" style="@style/ListItemTitleTextAppearance"/>
                </RelativeLayout>
                <LinearLayout android:orientation="vertical" android:id="@+id/layout_copy_to_storage" android:background="?android:attr/selectableItemBackground" android:layout_width="match_parent" android:layout_height="wrap_content">
                    <View android:background="@color/basic_divider_color" android:layout_width="match_parent" android:layout_height="@dimen/list_item_divider_height" android:layout_marginStart="20dp" android:layout_marginEnd="20dp"/>
                    <LinearLayout android:gravity="center_vertical" android:orientation="vertical" android:layout_width="match_parent" android:layout_height="wrap_content" android:layout_marginTop="5dp" android:layout_marginBottom="5dp" android:minHeight="@dimen/list_item_2line_min_height">
                        <TextView android:id="@+id/menu_list_copy_to_storage_main_txt" android:layout_width="wrap_content" android:layout_height="wrap_content" android:text="3. Copy to storage" android:layout_centerVertical="true" android:layout_marginStart="20dp" style="@style/ListItemTitleTextAppearance"/>
                        <TextView android:textSize="13sp" android:id="@+id/menu_list_copy_to_storage_sub_txt" android:layout_width="wrap_content" android:layout_height="wrap_content" android:text="(Samsung : S OS Over, Non-Samsung : Q OS Over)" android:layout_centerVertical="true" android:layout_marginStart="30dp" style="@style/ListItemDescriptionTextAppearance"/>
                    </LinearLayout>
                </LinearLayout>
            </LinearLayout>
        </com.samsung.accessory.hearablemgr.common.p010ui.RoundedCornerLayout>
    </com.samsung.accessory.hearablemgr.common.p010ui.ResponsiveNestedScrollView>
    <ImageView android:layout_gravity="bottom|right|center_vertical|center_horizontal|center|end" android:layout_width="26dp" android:layout_height="26dp" android:src="@drawable/rc_top_left" app:layout_anchor="@+id/nested_scroll" app:layout_anchorGravity="800033"/>
    <ImageView android:layout_gravity="bottom|left|center_vertical|center_horizontal|center|start" android:layout_width="26dp" android:layout_height="26dp" android:src="@drawable/rc_top_right" app:layout_anchor="@+id/nested_scroll" app:layout_anchorGravity="800035"/>
    <ImageView android:layout_gravity="top|right|center_vertical|center_horizontal|center|end" android:layout_width="26dp" android:layout_height="26dp" android:src="@drawable/rc_bottom_left" app:layout_anchor="@+id/nested_scroll" app:layout_anchorGravity="800053"/>
    <ImageView android:layout_gravity="top|left|center_vertical|center_horizontal|center|start" android:layout_width="26dp" android:layout_height="26dp" android:src="@drawable/rc_bottom_right" app:layout_anchor="@+id/nested_scroll" app:layout_anchorGravity="800055"/>
</androidx.coordinatorlayout.widget.CoordinatorLayout>
