<?xml version="1.0" encoding="utf-8"?>
<androidx.coordinatorlayout.widget.CoordinatorLayout xmlns:android="http://schemas.android.com/apk/res/android" xmlns:app="http://schemas.android.com/apk/res-auto" xmlns:aapt="http://schemas.android.com/aapt" android:layout_width="match_parent" android:layout_height="match_parent">
    <com.google.android.material.appbar.AppBarLayout android:id="@+id/app_bar" android:layout_width="match_parent" android:layout_height="match_parent" app:expanded="false" style="@style/Widget.Design.AppBarLayout">
        <com.google.android.material.appbar.CollapsingToolbarLayout android:id="@+id/collapsing_app_bar" android:layout_width="match_parent" android:layout_height="match_parent" app:layout_scrollFlags="3" app:title="@string/fit_test_link" style="@style/AppCollapsingToolbarStyle">
            <androidx.appcompat.widget.Toolbar android:layout_gravity="bottom" android:id="@+id/toolbar" android:layout_width="match_parent" android:layout_height="?attr/actionBarSize" app:layout_collapseMode="1" app:navigationIcon="?attr/homeAsUpIndicator" app:title="@string/fit_test_link"/>
        </com.google.android.material.appbar.CollapsingToolbarLayout>
    </com.google.android.material.appbar.AppBarLayout>
    <com.samsung.accessory.hearablemgr.common.p010ui.ResponsiveNestedScrollView android:layout_gravity="top|center_vertical|center_horizontal|center" android:id="@+id/nested_scroll" android:scrollbars="vertical" android:layout_width="match_parent" android:layout_height="match_parent" android:fillViewport="true" app:layout_behavior="@string/appbar_scrolling_view_behavior">
        <com.samsung.accessory.hearablemgr.common.p010ui.RoundedCornerLayout android:background="@color/contents_background" android:layout_width="match_parent" android:layout_height="match_parent">
            <androidx.constraintlayout.widget.ConstraintLayout android:layout_width="match_parent" android:layout_height="match_parent">
                <FrameLayout android:layout_gravity="center" android:id="@+id/ear_adaptation_guide_animation_layout" android:layout_width="match_parent" android:layout_height="@dimen/ear_adaptation_vi_frame_height" app:layout_constraintBottom_toTopOf="@+id/text_ear_adaptation_guide_title" app:layout_constraintLeft_toLeftOf="0" app:layout_constraintRight_toRightOf="0" app:layout_constraintTop_toTopOf="0">
                    <com.airbnb.lottie.LottieAnimationView android:layout_gravity="center" android:layout_width="@dimen/ear_adaptation_vi_width" android:layout_height="@dimen/ear_adaptation_vi_height" app:lottie_autoPlay="true" app:lottie_loop="true" app:lottie_rawRes="@raw/touch_side_double_tap"/>
                </FrameLayout>
                <TextView android:textAppearance="@style/TipsManualTitleTextAppearance" android:id="@+id/text_ear_adaptation_guide_title" android:layout_width="match_parent" android:layout_height="wrap_content" android:text="@string/how_to_wear_your_earbuds" android:importantForAccessibility="no" android:layout_marginStart="@dimen/list_item_content_inset" android:layout_marginEnd="@dimen/list_item_content_inset" app:layout_constraintEnd_toEndOf="0" app:layout_constraintStart_toStartOf="0" app:layout_constraintTop_toBottomOf="@+id/ear_adaptation_guide_animation_layout"/>
                <TextView android:id="@+id/text_ear_adaptation_guide_contents1" android:layout_width="match_parent" android:layout_height="wrap_content" android:layout_marginTop="12dp" android:text="@string/ear_adaptation_guide_desc1" android:layout_marginStart="@dimen/list_item_content_inset" android:layout_marginEnd="@dimen/list_item_content_inset" app:layout_constraintEnd_toEndOf="0" app:layout_constraintStart_toStartOf="0" app:layout_constraintTop_toBottomOf="@+id/text_ear_adaptation_guide_title" style="@style/TipsManualContentsTextAppearance"/>
                <TextView android:id="@+id/text_ear_adaptation_guide_contents2" android:layout_width="match_parent" android:layout_height="wrap_content" android:layout_marginTop="12dp" android:text="@string/ear_adaptation_guide_desc2" android:layout_marginStart="@dimen/list_item_content_inset" android:layout_marginEnd="@dimen/list_item_content_inset" app:layout_constraintEnd_toEndOf="0" app:layout_constraintStart_toStartOf="0" app:layout_constraintTop_toBottomOf="@+id/text_ear_adaptation_guide_contents1" style="@style/TipsManualContentsTextAppearance"/>
            </androidx.constraintlayout.widget.ConstraintLayout>
        </com.samsung.accessory.hearablemgr.common.p010ui.RoundedCornerLayout>
    </com.samsung.accessory.hearablemgr.common.p010ui.ResponsiveNestedScrollView>
    <ImageView android:layout_gravity="bottom|right|center_vertical|center_horizontal|center|end" android:layout_width="26dp" android:layout_height="26dp" android:src="@drawable/rc_top_left" app:layout_anchor="@+id/nested_scroll" app:layout_anchorGravity="800033"/>
    <ImageView android:layout_gravity="bottom|left|center_vertical|center_horizontal|center|start" android:layout_width="26dp" android:layout_height="26dp" android:src="@drawable/rc_top_right" app:layout_anchor="@+id/nested_scroll" app:layout_anchorGravity="800035"/>
    <ImageView android:layout_gravity="top|right|center_vertical|center_horizontal|center|end" android:layout_width="26dp" android:layout_height="26dp" android:src="@drawable/rc_bottom_left" app:layout_anchor="@+id/nested_scroll" app:layout_anchorGravity="800053"/>
    <ImageView android:layout_gravity="top|left|center_vertical|center_horizontal|center|start" android:layout_width="26dp" android:layout_height="26dp" android:src="@drawable/rc_bottom_right" app:layout_anchor="@+id/nested_scroll" app:layout_anchorGravity="800055"/>
</androidx.coordinatorlayout.widget.CoordinatorLayout>
