<?xml version="1.0" encoding="utf-8"?>
<LinearLayout xmlns:android="http://schemas.android.com/apk/res/android" xmlns:app="http://schemas.android.com/apk/res-auto" xmlns:aapt="http://schemas.android.com/aapt" android:layout_gravity="center_vertical" android:orientation="vertical" android:id="@+id/apps_parent" android:background="?android:attr/selectableItemBackground" android:layout_width="match_parent" android:layout_height="wrap_content" android:layout_centerVertical="true">
    <View android:id="@+id/item_divider_view" android:background="@color/search_history_divider_color" android:visibility="visible" android:layout_width="match_parent" android:layout_height="1dp" android:layout_marginStart="20dp" android:layout_marginEnd="20dp"/>
    <LinearLayout android:layout_width="match_parent" android:layout_height="wrap_content" android:layout_marginTop="14dp">
        <TextView android:textSize="13sp" android:textColor="@color/search_path_color" android:id="@+id/menu_path_name" android:layout_width="wrap_content" android:layout_height="wrap_content" android:fontFamily="sec-roboto-light" android:layout_marginStart="20dp" android:layout_marginEnd="20dp"/>
    </LinearLayout>
    <LinearLayout android:orientation="horizontal" android:id="@+id/clickable_layout" android:layout_width="match_parent" android:layout_height="wrap_content" android:layout_marginBottom="14dp" android:baselineAligned="false" android:layout_marginStart="20dp" android:layout_marginEnd="20dp">
        <LinearLayout android:layout_gravity="start" android:layout_width="0dp" android:layout_height="wrap_content" android:layout_weight="1">
            <ImageView android:layout_gravity="center_vertical" android:id="@+id/app_image" android:layout_width="24dp" android:layout_height="24dp" android:layout_marginEnd="16dp"/>
            <LinearLayout android:orientation="vertical" android:layout_width="match_parent" android:layout_height="wrap_content">
                <TextView android:textSize="17sp" android:textColor="@color/search_item_text_color" android:id="@+id/menu_title" android:layout_width="wrap_content" android:layout_height="wrap_content" android:fontFamily="sec-roboto-light"/>
                <TextView android:textSize="13sp" android:textColor="@color/search_path_color" android:id="@+id/menu_subtitle" android:layout_width="wrap_content" android:layout_height="wrap_content" android:fontFamily="sec-roboto-light"/>
            </LinearLayout>
        </LinearLayout>
        <LinearLayout android:layout_gravity="right|center_vertical|center_horizontal|center|end" android:orientation="horizontal" android:id="@+id/divider_layout" android:layout_width="60dp" android:layout_height="wrap_content">
            <View android:id="@+id/divider_view" android:background="@color/basic_vertical_divider_color" android:layout_width="0.5dp" android:layout_height="22dp" android:layout_marginStart="6dp" android:layout_marginEnd="9.5dp"/>
            <com.samsung.accessory.hearablemgr.core.searchable.view.CustomSwitch android:layout_gravity="center_vertical" android:id="@+id/switch_btn" android:background="@null" android:visibility="visible" android:clickable="false" android:layout_width="wrap_content" android:layout_height="wrap_content" android:layout_weight="1"/>
        </LinearLayout>
    </LinearLayout>
</LinearLayout>
