<?xml version="1.0" encoding="utf-8"?>
<androidx.coordinatorlayout.widget.CoordinatorLayout xmlns:android="http://schemas.android.com/apk/res/android" xmlns:app="http://schemas.android.com/apk/res-auto" xmlns:aapt="http://schemas.android.com/aapt" android:orientation="vertical" android:layout_width="match_parent" android:layout_height="match_parent">
    <com.google.android.material.appbar.AppBarLayout android:id="@+id/app_bar" android:layout_width="match_parent" android:layout_height="match_parent" app:expanded="false" style="@style/Widget.Design.AppBarLayout">
        <com.google.android.material.appbar.CollapsingToolbarLayout android:id="@+id/collapsing_app_bar" android:layout_width="match_parent" android:layout_height="match_parent" app:layout_scrollFlags="3" app:title="Device Log" style="@style/AppCollapsingToolbarStyle">
            <androidx.appcompat.widget.Toolbar android:layout_gravity="bottom" android:id="@+id/toolbar" android:layout_width="match_parent" android:layout_height="?attr/actionBarSize" app:layout_collapseMode="1" app:navigationIcon="?attr/homeAsUpIndicator" app:title="Device Log"/>
        </com.google.android.material.appbar.CollapsingToolbarLayout>
    </com.google.android.material.appbar.AppBarLayout>
    <com.samsung.accessory.hearablemgr.common.p010ui.ResponsiveNestedScrollView android:layout_gravity="top|center_vertical|center_horizontal|center" android:id="@+id/nested_scroll" android:layout_width="match_parent" android:layout_height="match_parent" android:fillViewport="true" app:layout_behavior="@string/appbar_scrolling_view_behavior">
        <com.samsung.accessory.hearablemgr.common.p010ui.RoundedCornerLayout android:layout_width="match_parent" android:layout_height="match_parent" android:minHeight="52dp">
            <LinearLayout android:orientation="vertical" android:background="@color/contents_background" android:layout_width="match_parent" android:layout_height="match_parent">
                <androidx.appcompat.widget.AppCompatButton android:id="@+id/button_start" android:layout_width="wrap_content" android:layout_height="wrap_content" android:layout_margin="8dp" android:text="Start Device Dump Log"/>
                <TextView android:textColor="@color/title_text_normal_color" android:id="@+id/layout_device_info_data" android:layout_width="match_parent" android:layout_height="match_parent" android:stackFromBottom="true" android:transcriptMode="alwaysScroll" android:layout_marginStart="24dp" android:layout_marginEnd="24dp" android:layout_marginVertical="24dp"/>
            </LinearLayout>
        </com.samsung.accessory.hearablemgr.common.p010ui.RoundedCornerLayout>
    </com.samsung.accessory.hearablemgr.common.p010ui.ResponsiveNestedScrollView>
    <ImageView android:layout_gravity="bottom|right|center_vertical|center_horizontal|center|end" android:layout_width="26dp" android:layout_height="26dp" android:src="@drawable/rc_top_left" app:layout_anchor="@+id/nested_scroll" app:layout_anchorGravity="800033"/>
    <ImageView android:layout_gravity="bottom|left|center_vertical|center_horizontal|center|start" android:layout_width="26dp" android:layout_height="26dp" android:src="@drawable/rc_top_right" app:layout_anchor="@+id/nested_scroll" app:layout_anchorGravity="800035"/>
    <ImageView android:layout_gravity="top|right|center_vertical|center_horizontal|center|end" android:layout_width="26dp" android:layout_height="26dp" android:src="@drawable/rc_bottom_left" app:layout_anchor="@+id/nested_scroll" app:layout_anchorGravity="800053"/>
    <ImageView android:layout_gravity="top|left|center_vertical|center_horizontal|center|start" android:layout_width="26dp" android:layout_height="26dp" android:src="@drawable/rc_bottom_right" app:layout_anchor="@+id/nested_scroll" app:layout_anchorGravity="800055"/>
</androidx.coordinatorlayout.widget.CoordinatorLayout>
