<?xml version="1.0" encoding="utf-8"?>
<FrameLayout xmlns:android="http://schemas.android.com/apk/res/android" xmlns:app="http://schemas.android.com/apk/res-auto" xmlns:aapt="http://schemas.android.com/aapt" android:background="#000000" android:layout_width="match_parent" android:layout_height="match_parent">
    <LinearLayout android:gravity="center" android:orientation="vertical" android:id="@+id/widget_container" android:paddingTop="14dp" android:paddingBottom="14dp" android:layout_width="match_parent" android:layout_height="match_parent" android:paddingStart="24dp" android:paddingEnd="24dp">
        <LinearLayout android:orientation="horizontal" android:id="@+id/widget_title_container" android:layout_width="match_parent" android:layout_height="wrap_content">
            <TextView android:textSize="30dp" android:textColor="@color/widget_title_color_style_black" android:id="@+id/widget_text_device_bt_name" android:layout_width="0dp" android:layout_height="wrap_content" android:layout_weight="1" style="@style/WidgetTitleTextAppearance"/>
            <LinearLayout android:gravity="end" android:orientation="vertical" android:id="@+id/widget_battery_container" android:layout_width="wrap_content" android:layout_height="wrap_content" android:layout_marginStart="20dp">
                <LinearLayout android:gravity="center_vertical" android:orientation="horizontal" android:id="@+id/widget_buds_battery_container" android:layout_width="wrap_content" android:layout_height="wrap_content">
                    <LinearLayout android:gravity="center_vertical" android:orientation="horizontal" android:id="@+id/widget_left_battery_container" android:layout_width="wrap_content" android:layout_height="wrap_content">
                        <ImageView android:id="@+id/image_widget_left_charging" android:layout_width="19dp" android:layout_height="28dp" android:src="@drawable/widget_ic_battery_charging_dark"/>
                        <TextView android:textSize="24dp" android:textColor="@color/widget_title_color_style_black" android:id="@+id/text_widget_left_battery" android:layout_width="wrap_content" android:layout_height="wrap_content" style="@style/WidgetBatteryTextAppearance"/>
                    </LinearLayout>
                    <LinearLayout android:gravity="center_vertical" android:orientation="horizontal" android:id="@+id/widget_right_battery_container" android:layout_width="wrap_content" android:layout_height="wrap_content">
                        <ImageView android:id="@+id/image_widget_right_charging" android:layout_width="19dp" android:layout_height="28dp" android:src="@drawable/widget_ic_battery_charging_dark"/>
                        <TextView android:textSize="24dp" android:textColor="@color/widget_title_color_style_black" android:id="@+id/text_widget_right_battery" android:layout_width="wrap_content" android:layout_height="wrap_content" style="@style/WidgetBatteryTextAppearance"/>
                    </LinearLayout>
                </LinearLayout>
                <LinearLayout android:gravity="center_vertical" android:orientation="horizontal" android:id="@+id/widget_case_battery_container" android:layout_width="wrap_content" android:layout_height="wrap_content" android:layout_marginTop="@dimen/widget_case_top_margin">
                    <ImageView android:id="@+id/image_widget_case_charging" android:layout_width="wrap_content" android:layout_height="wrap_content" android:src="@drawable/widget_ic_battery_charging_dark"/>
                    <TextView android:textSize="24dp" android:textColor="@color/widget_title_color_style_black" android:id="@+id/text_widget_case_battery" android:layout_width="wrap_content" android:layout_height="wrap_content" style="@style/WidgetBatteryTextAppearance"/>
                </LinearLayout>
            </LinearLayout>
        </LinearLayout>
        <LinearLayout android:orientation="horizontal" android:id="@+id/widget_main_container" android:layout_width="match_parent" android:layout_height="wrap_content" android:layout_marginTop="23dp">
            <LinearLayout android:gravity="center_horizontal" android:orientation="vertical" android:id="@+id/widget_option1_container" android:layout_width="match_parent" android:layout_height="wrap_content" android:layout_weight="1" android:soundEffectsEnabled="false">
                <FrameLayout android:layout_width="80dp" android:layout_height="80dp">
                    <ImageView android:id="@+id/image_widget_option1_bg" android:layout_width="80dp" android:layout_height="80dp" android:src="@drawable/widget_bg_off" android:adjustViewBounds="true"/>
                    <ImageView android:id="@+id/image_widget_option1" android:layout_width="80dp" android:layout_height="80dp" android:src="@drawable/widget_ic_noise_control" android:adjustViewBounds="true"/>
                </FrameLayout>
                <TextView android:textSize="24dp" android:textColor="@color/widget_control_text_color_black" android:gravity="center_horizontal" android:id="@+id/text_widget_option1" android:layout_width="match_parent" android:layout_height="wrap_content" android:layout_marginTop="11dp" android:maxLines="1" android:importantForAccessibility="no" style="@style/WidgetControlTextAppearance"/>
            </LinearLayout>
            <ImageView android:id="@+id/widget_quick_control_divider" android:background="#5c5c5c" android:layout_width="0.5dp" android:layout_height="70dp" android:layout_marginTop="2dp"/>
            <LinearLayout android:gravity="center_horizontal" android:orientation="vertical" android:id="@+id/widget_option2_container" android:layout_width="match_parent" android:layout_height="wrap_content" android:layout_weight="1">
                <FrameLayout android:layout_width="80dp" android:layout_height="80dp">
                    <ImageView android:id="@+id/image_widget_option2_bg" android:layout_width="80dp" android:layout_height="80dp" android:src="@drawable/widget_bg_off" android:adjustViewBounds="true"/>
                    <ImageView android:id="@+id/image_widget_option2" android:layout_width="80dp" android:layout_height="80dp" android:src="@drawable/widget_ic_block_touch" android:adjustViewBounds="true"/>
                </FrameLayout>
                <TextView android:textSize="24dp" android:textColor="@color/widget_control_text_color_black" android:gravity="center_horizontal" android:id="@+id/text_widget_option2" android:layout_width="wrap_content" android:layout_height="wrap_content" android:layout_marginTop="11dp" android:maxLines="1" android:importantForAccessibility="no" style="@style/WidgetControlTextAppearance"/>
            </LinearLayout>
        </LinearLayout>
    </LinearLayout>
    <LinearLayout android:gravity="center" android:orientation="vertical" android:id="@+id/widget_disconnect_container" android:background="#000000" android:visibility="gone" android:layout_width="match_parent" android:layout_height="match_parent">
        <TextView android:textSize="30dp" android:textColor="@color/widget_title_color_style_black" android:layout_width="wrap_content" android:layout_height="wrap_content" android:text="@string/device_name" android:textAlignment="center"/>
        <TextView android:textSize="24dp" android:textColor="@color/widget_battery_text_color_black" android:layout_gravity="center" android:layout_width="wrap_content" android:layout_height="wrap_content" android:text="@string/widget_disconnected"/>
    </LinearLayout>
    <LinearLayout android:gravity="center" android:id="@+id/layout_open_phone_for_details" android:background="#000000" android:visibility="gone" android:layout_width="match_parent" android:layout_height="match_parent">
        <TextView android:textSize="24dp" android:textColor="@color/widget_title_color_style_black" android:layout_gravity="center" android:id="@+id/open_phone_for_details" android:focusable="true" android:layout_width="wrap_content" android:layout_height="wrap_content" android:text="@string/a_few_legal_items_to_review" android:textAlignment="center" android:layout_marginStart="14dp"/>
    </LinearLayout>
</FrameLayout>
