<?xml version="1.0" encoding="utf-8"?>
<FrameLayout xmlns:android="http://schemas.android.com/apk/res/android" xmlns:app="http://schemas.android.com/apk/res-auto" xmlns:aapt="http://schemas.android.com/aapt" android:layout_width="match_parent" android:layout_height="match_parent">
    <ImageView android:id="@+id/widget_background" android:layout_width="match_parent" android:layout_height="match_parent" android:src="@drawable/background_widget_land"/>
    <LinearLayout android:gravity="center" android:orientation="horizontal" android:id="@+id/widget_container" android:paddingTop="3dp" android:paddingBottom="3dp" android:layout_width="match_parent" android:layout_height="match_parent" android:paddingStart="@dimen/widget_padding_start" android:paddingEnd="@dimen/widget_padding_start">
        <LinearLayout android:gravity="left|center_vertical|center_horizontal|center|start" android:orientation="horizontal" android:layout_width="match_parent" android:layout_height="wrap_content">
            <LinearLayout android:gravity="left|center_vertical|center_horizontal|center|start" android:orientation="vertical" android:id="@+id/widget_title_container" android:layout_width="match_parent" android:layout_height="wrap_content" android:layout_weight="1" android:paddingEnd="10dp">
                <LinearLayout android:orientation="vertical" android:id="@+id/widget_device_bt_name_container" android:layout_width="wrap_content" android:layout_height="wrap_content">
                    <TextView android:textSize="@dimen/widget_land_title_text_size" android:layout_gravity="center" android:id="@+id/widget_text_device_bt_name" android:layout_width="wrap_content" android:layout_height="wrap_content" style="@style/WidgetTitleTextAppearance"/>
                    <TextView android:textSize="@dimen/widget_land_title_text_size" android:layout_gravity="center" android:id="@+id/widget_text_device_bt_name_shadow" android:layout_width="wrap_content" android:layout_height="wrap_content" style="@style/WidgetTitleShadowTextAppearance"/>
                </LinearLayout>
                <LinearLayout android:orientation="vertical" android:id="@+id/widget_battery_container" android:layout_width="match_parent" android:layout_height="wrap_content">
                    <LinearLayout android:gravity="center_vertical" android:orientation="horizontal" android:id="@+id/widget_buds_battery_container" android:layout_width="wrap_content" android:layout_height="wrap_content">
                        <LinearLayout android:gravity="center_vertical" android:orientation="horizontal" android:id="@+id/widget_left_battery_container" android:layout_width="wrap_content" android:layout_height="wrap_content">
                            <ImageView android:id="@+id/image_widget_left_charging" android:layout_width="wrap_content" android:layout_height="wrap_content" android:src="@drawable/widget_ic_battery_charging_white"/>
                            <TextView android:textSize="@dimen/widget_land_battery_text_size" android:id="@+id/text_widget_left_battery" android:layout_width="wrap_content" android:layout_height="wrap_content" style="@style/WidgetBatteryTextAppearance"/>
                            <TextView android:textSize="@dimen/widget_land_battery_text_size" android:id="@+id/text_widget_left_battery_shadow" android:layout_width="wrap_content" android:layout_height="wrap_content" style="@style/WidgetBatteryShadowTextAppearance"/>
                        </LinearLayout>
                        <LinearLayout android:gravity="center_vertical" android:orientation="horizontal" android:id="@+id/widget_right_battery_container" android:layout_width="wrap_content" android:layout_height="wrap_content">
                            <ImageView android:id="@+id/image_widget_right_charging" android:layout_width="wrap_content" android:layout_height="wrap_content" android:src="@drawable/widget_ic_battery_charging_white"/>
                            <TextView android:textSize="@dimen/widget_land_battery_text_size" android:id="@+id/text_widget_right_battery" android:layout_width="wrap_content" android:layout_height="wrap_content" style="@style/WidgetBatteryTextAppearance"/>
                            <TextView android:textSize="@dimen/widget_land_battery_text_size" android:id="@+id/text_widget_right_battery_shadow" android:layout_width="wrap_content" android:layout_height="wrap_content" style="@style/WidgetBatteryShadowTextAppearance"/>
                        </LinearLayout>
                    </LinearLayout>
                    <LinearLayout android:gravity="center_vertical" android:orientation="horizontal" android:id="@+id/widget_case_battery_container" android:layout_width="wrap_content" android:layout_height="wrap_content" android:layout_marginTop="@dimen/widget_case_top_margin">
                        <ImageView android:id="@+id/image_widget_case_charging" android:layout_width="wrap_content" android:layout_height="wrap_content" android:src="@drawable/widget_ic_battery_charging_white"/>
                        <TextView android:textSize="@dimen/widget_land_battery_text_size" android:id="@+id/text_widget_case_battery" android:layout_width="wrap_content" android:layout_height="wrap_content" style="@style/WidgetBatteryTextAppearance"/>
                        <TextView android:textSize="@dimen/widget_land_battery_text_size" android:id="@+id/text_widget_case_battery_shadow" android:layout_width="wrap_content" android:layout_height="wrap_content" style="@style/WidgetBatteryShadowTextAppearance"/>
                    </LinearLayout>
                </LinearLayout>
                <FrameLayout android:id="@+id/widget_disconnect_container" android:visibility="gone" android:layout_width="wrap_content" android:layout_height="wrap_content">
                    <TextView android:textSize="@dimen/widget_land_battery_text_size" android:id="@+id/text_widget_disconnected" android:layout_width="wrap_content" android:layout_height="wrap_content" style="@style/WidgetBatteryTextAppearance"/>
                    <TextView android:textSize="@dimen/widget_land_battery_text_size" android:id="@+id/text_widget_disconnected_shadow" android:layout_width="wrap_content" android:layout_height="wrap_content" style="@style/WidgetBatteryShadowTextAppearance"/>
                </FrameLayout>
            </LinearLayout>
            <LinearLayout android:gravity="center" android:orientation="horizontal" android:id="@+id/widget_option1_container" android:layout_width="match_parent" android:layout_height="wrap_content" android:layout_weight="1" android:soundEffectsEnabled="false">
                <FrameLayout android:layout_width="wrap_content" android:layout_height="wrap_content">
                    <ImageView android:id="@+id/image_widget_option1_bg" android:layout_width="wrap_content" android:layout_height="wrap_content" android:src="@drawable/widget_bg_off"/>
                    <ImageView android:id="@+id/image_widget_option1" android:layout_width="wrap_content" android:layout_height="wrap_content" android:src="@drawable/widget_ic_noise_control"/>
                </FrameLayout>
                <FrameLayout android:orientation="horizontal" android:layout_width="match_parent" android:layout_height="wrap_content" android:paddingStart="5dp">
                    <TextView android:textSize="@dimen/widget_land_control_text_size" android:layout_gravity="center_vertical" android:id="@+id/text_widget_option1" android:layout_width="match_parent" android:layout_height="wrap_content" android:lines="2" style="@style/WidgetControlTextAppearance"/>
                    <TextView android:textSize="@dimen/widget_land_control_text_size" android:layout_gravity="center_vertical" android:id="@+id/text_widget_option1_shadow" android:layout_width="match_parent" android:layout_height="wrap_content" android:lines="2" android:paddingStart="1dp" style="@style/WidgetControlShadowTextAppearance"/>
                </FrameLayout>
            </LinearLayout>
            <LinearLayout android:gravity="center" android:orientation="horizontal" android:id="@+id/widget_option2_container" android:layout_width="match_parent" android:layout_height="wrap_content" android:layout_weight="1">
                <FrameLayout android:layout_width="wrap_content" android:layout_height="wrap_content">
                    <ImageView android:id="@+id/image_widget_option2_bg" android:layout_width="wrap_content" android:layout_height="wrap_content" android:src="@drawable/widget_bg_off"/>
                    <ImageView android:id="@+id/image_widget_option2" android:layout_width="wrap_content" android:layout_height="wrap_content" android:src="@drawable/widget_ic_block_touch"/>
                </FrameLayout>
                <FrameLayout android:orientation="horizontal" android:layout_width="match_parent" android:layout_height="wrap_content" android:paddingStart="5dp">
                    <TextView android:textSize="@dimen/widget_land_control_text_size" android:layout_gravity="center_vertical" android:id="@+id/text_widget_option2" android:layout_width="match_parent" android:layout_height="wrap_content" android:lines="2" style="@style/WidgetControlTextAppearance"/>
                    <TextView android:textSize="@dimen/widget_land_control_text_size" android:layout_gravity="center_vertical" android:id="@+id/text_widget_option2_shadow" android:layout_width="match_parent" android:layout_height="wrap_content" android:lines="2" android:paddingStart="1dp" style="@style/WidgetControlShadowTextAppearance"/>
                </FrameLayout>
            </LinearLayout>
        </LinearLayout>
    </LinearLayout>
</FrameLayout>
