<?xml version="1.0" encoding="utf-8"?>
<LinearLayout xmlns:android="http://schemas.android.com/apk/res/android" xmlns:app="http://schemas.android.com/apk/res-auto" xmlns:aapt="http://schemas.android.com/aapt" android:orientation="vertical" android:id="@+id/widget_setting_background" android:layout_width="match_parent" android:layout_height="match_parent">
    <androidx.appcompat.widget.Toolbar android:gravity="center_vertical" android:id="@+id/toolbar" android:layout_width="match_parent" android:layout_height="wrap_content" android:minHeight="?attr/actionBarSize" app:background="@color/basic_background_color" app:title="@string/widget_settings_title" app:titleTextColor="@color/basic_title_main_text_color"/>
    <LinearLayout android:orientation="horizontal" android:layout_width="match_parent" android:layout_height="match_parent">
        <View android:id="@+id/view_margin_left" android:background="@color/basic_background_color" android:layout_width="0dp" android:layout_height="wrap_content"/>
        <LinearLayout android:orientation="vertical" android:id="@+id/layout_widget_base_container" android:layout_width="0dp" android:layout_height="match_parent" android:layout_weight="1">
            <FrameLayout android:id="@+id/layout_widget_base_preview_container" android:background="@drawable/shape_rounded_rectangle_transparent_inner" android:padding="30dp" android:layout_width="match_parent" android:layout_height="wrap_content" android:minHeight="242dp">
                <FrameLayout android:layout_gravity="center" android:id="@+id/view_widget_preview" android:layout_width="wrap_content" android:layout_height="wrap_content"/>
            </FrameLayout>
            <ScrollView android:orientation="vertical" android:background="@color/basic_background_color" android:layout_width="match_parent" android:layout_height="0dp" android:layout_weight="1">
                <LinearLayout android:orientation="vertical" android:layout_width="match_parent" android:layout_height="wrap_content">
                    <TextView android:textSize="13sp" android:textStyle="bold" android:textColor="@color/basic_title_sub_text_color" android:gravity="center_vertical" android:paddingTop="13dp" android:paddingBottom="5dp" android:layout_width="match_parent" android:layout_height="wrap_content" android:minHeight="36dp" android:text="@string/widget_background_color_title" android:fontFamily="@string/roboto_medium" android:textDirection="locale" android:paddingStart="@dimen/list_item_content_inset" android:paddingEnd="@dimen/list_item_content_inset"/>
                    <LinearLayout android:orientation="vertical" android:id="@+id/container_widget_ui_mode" android:background="@drawable/shape_rounded_rectangle" android:layout_width="match_parent" android:layout_height="wrap_content" android:paddingStart="@dimen/list_item_content_inset" android:paddingEnd="@dimen/list_item_content_inset">
                        <RadioGroup android:id="@+id/radio_group_widget_background_color_type" android:layout_width="match_parent" android:layout_height="wrap_content">
                            <RadioButton android:textColor="@color/basic_title_main_text_color" android:id="@+id/radio_widget_setting_background_color_white" android:layout_width="match_parent" android:layout_height="wrap_content" android:checked="true" android:minHeight="52dp" android:text="@string/widget_background_color_white" android:paddingStart="@dimen/radio_button_text_content_inset" android:paddingEnd="@dimen/radio_button_text_content_inset" style="@style/ListItemTitleTextAppearance"/>
                            <View android:background="@color/basic_divider_color" android:layout_width="match_parent" android:layout_height="@dimen/list_item_divider_height" android:layout_marginStart="52dp"/>
                            <RadioButton android:textColor="@color/basic_title_main_text_color" android:id="@+id/radio_widget_setting_background_color_black" android:layout_width="match_parent" android:layout_height="wrap_content" android:minHeight="52dp" android:text="@string/widget_background_color_black" android:paddingStart="@dimen/radio_button_text_content_inset" android:paddingEnd="@dimen/radio_button_text_content_inset" style="@style/ListItemTitleTextAppearance"/>
                        </RadioGroup>
                        <View android:background="@color/basic_divider_color" android:layout_width="match_parent" android:layout_height="@dimen/list_item_divider_height"/>
                        <LinearLayout android:gravity="center_vertical" android:orientation="horizontal" android:layout_width="match_parent" android:layout_height="wrap_content" android:minHeight="52dp">
                            <TextView android:textColor="@color/basic_title_main_text_color" android:gravity="center" android:id="@+id/text_widget_background_alpha" android:layout_width="50sp" android:layout_height="wrap_content" android:text="0%" style="@style/ListItemTitleTextAppearance"/>
                            <com.samsung.accessory.hearablemgr.common.p010ui.CustomTickMarkSeekBar android:id="@+id/seekbar_widget_background_alpha" android:paddingTop="6dp" android:paddingBottom="6dp" android:layout_width="match_parent" android:layout_height="wrap_content" android:max="10" android:progressDrawable="@drawable/seekbar_progress" android:thumb="@drawable/seekbar_thumb"/>
                        </LinearLayout>
                    </LinearLayout>
                    <com.samsung.accessory.hearablemgr.common.p010ui.RoundedCornerLayout android:layout_width="match_parent" android:layout_height="wrap_content" android:layout_marginTop="16dp">
                        <FrameLayout android:background="@color/contents_background" android:layout_width="match_parent" android:layout_height="wrap_content">
                            <LinearLayout android:gravity="center_vertical" android:orientation="horizontal" android:id="@+id/layout_widget_base_dark_mode" android:background="?android:attr/selectableItemBackground" android:layout_width="match_parent" android:layout_height="wrap_content" android:minHeight="52dp" android:paddingStart="@dimen/list_item_content_inset" android:paddingEnd="@dimen/list_item_content_inset">
                                <TextView android:textColor="@color/basic_title_main_text_color" android:id="@+id/text_widget_dark_mode" android:layout_width="0dp" android:layout_height="wrap_content" android:text="@string/widget_match_with_dark_mode" android:layout_weight="1" style="@style/ListItemTitleTextAppearance"/>
                                <androidx.appcompat.widget.SwitchCompat android:id="@+id/switch_widget_base_dark_mode" android:layout_width="wrap_content" android:layout_height="wrap_content"/>
                            </LinearLayout>
                        </FrameLayout>
                    </com.samsung.accessory.hearablemgr.common.p010ui.RoundedCornerLayout>
                </LinearLayout>
            </ScrollView>
            <LinearLayout android:gravity="center" android:background="@color/basic_background_color" android:layout_width="match_parent" android:layout_height="wrap_content" android:paddingStart="@dimen/list_item_content_inset" android:paddingEnd="@dimen/list_item_content_inset">
                <com.samsung.accessory.hearablemgr.common.p010ui.HighlightTextView android:textSize="18sp" android:textStyle="bold" android:textColor="@color/basic_title_main_text_color" android:gravity="center" android:id="@+id/btn_cancel" android:background="@drawable/background_flat_button" android:layout_width="match_parent" android:layout_height="wrap_content" android:minHeight="56dp" android:text="@string/widget_cancel" android:includeFontPadding="false" android:layout_weight="1"/>
                <com.samsung.accessory.hearablemgr.common.p010ui.HighlightTextView android:textSize="18sp" android:textStyle="bold" android:textColor="@color/basic_title_main_text_color" android:gravity="center" android:id="@+id/btn_ok" android:background="@drawable/background_flat_button" android:layout_width="match_parent" android:layout_height="wrap_content" android:minHeight="56dp" android:text="@string/widget_save" android:includeFontPadding="false" android:layout_weight="1"/>
            </LinearLayout>
        </LinearLayout>
        <View android:id="@+id/view_margin_right" android:background="@color/basic_background_color" android:layout_width="0dp" android:layout_height="wrap_content"/>
    </LinearLayout>
</LinearLayout>
