{"v":"5.6.10","fr":60,"ip":0,"op":180,"w":960,"h":564,"nm":"2. [Berry]Touch_tripple_tap_light","ddd":0,"assets":[],"layers":[{"ddd":0,"ind":1,"ty":4,"nm":"hand","sr":1,"ks":{"o":{"a":1,"k":[{"i":{"x":[0.833],"y":[0.833]},"o":{"x":[0.167],"y":[0.167]},"t":30,"s":[0]},{"i":{"x":[0.833],"y":[0.833]},"o":{"x":[0.167],"y":[0.167]},"t":38.801,"s":[100]},{"i":{"x":[0.833],"y":[0.833]},"o":{"x":[0.167],"y":[0.167]},"t":161,"s":[100]},{"t":176,"s":[0]}],"ix":11},"r":{"a":0,"k":0,"ix":10},"p":{"a":0,"k":[471.75,268,0],"ix":2},"a":{"a":0,"k":[160,94,0],"ix":1},"s":{"a":1,"k":[{"i":{"x":[0.4,0.4,0.4],"y":[1,1,1]},"o":{"x":[0.33,0.33,0.33],"y":[0,0,0]},"t":30,"s":[355,355,100]},{"i":{"x":[0.833,0.833,0.833],"y":[0.833,0.833,1.773]},"o":{"x":[0.33,0.33,0.33],"y":[0,0,0]},"t":47,"s":[320,320,100]},{"i":{"x":[0.4,0.4,0.4],"y":[1,1,1]},"o":{"x":[0.33,0.33,0.33],"y":[0,0,0]},"t":58,"s":[355,355,100]},{"i":{"x":[0.833,0.833,0.833],"y":[0.833,0.833,1.773]},"o":{"x":[0.33,0.33,0.33],"y":[0,0,0]},"t":75,"s":[320,320,100]},{"i":{"x":[0.4,0.4,0.4],"y":[1,1,1]},"o":{"x":[0.33,0.33,0.33],"y":[0,0,0]},"t":86,"s":[355,355,100]},{"i":{"x":[0.833,0.833,0.833],"y":[0.833,0.833,1.773]},"o":{"x":[0.33,0.33,0.33],"y":[0,0,0]},"t":103,"s":[320,320,100]},{"t":114,"s":[355,355,100]}],"ix":6}},"ao":0,"shapes":[{"ty":"gr","it":[{"ind":0,"ty":"sh","ix":1,"ks":{"a":0,"k":{"i":[[0,0],[0,0],[0.664,-0.119],[0.087,0.645]],"o":[[0,0],[0.179,0.649],[-0.64,0.113],[0,0]],"v":[[-2.335,-8.923],[2.156,7.38],[1.252,8.81],[-0.082,7.835]],"c":true},"ix":2},"nm":"Path 1","mn":"ADBE Vector Shape - Group","hd":false},{"ty":"fl","c":{"a":0,"k":[0.254901960784,0.18431372549,0.243137254902,1],"ix":4},"o":{"a":0,"k":100,"ix":5},"r":1,"bm":0,"nm":"Fill 1","mn":"ADBE Vector Graphic - Fill","hd":false},{"ty":"tr","p":{"a":0,"k":[138.056,157.562],"ix":2},"a":{"a":0,"k":[0,0],"ix":1},"s":{"a":0,"k":[100,100],"ix":3},"r":{"a":0,"k":0,"ix":6},"o":{"a":0,"k":100,"ix":7},"sk":{"a":0,"k":0,"ix":4},"sa":{"a":0,"k":0,"ix":5},"nm":"Transform"}],"nm":"Group 1","np":2,"cix":2,"bm":0,"ix":1,"mn":"ADBE Vector Group","hd":false},{"ty":"gr","it":[{"ind":0,"ty":"sh","ix":1,"ks":{"a":0,"k":{"i":[[0,0],[0,0],[-0.434,0.289],[0.197,0.355]],"o":[[0,0],[0.155,0.497],[0.337,-0.225],[0,0]],"v":[[-1.93,-3.952],[0.306,3.246],[1.484,3.663],[1.733,2.636]],"c":true},"ix":2},"nm":"Path 1","mn":"ADBE Vector Shape - Group","hd":false},{"ty":"fl","c":{"a":0,"k":[0.254901960784,0.18431372549,0.243137254902,1],"ix":4},"o":{"a":0,"k":100,"ix":5},"r":1,"bm":0,"nm":"Fill 1","mn":"ADBE Vector Graphic - Fill","hd":false},{"ty":"tr","p":{"a":0,"k":[150.181,127.038],"ix":2},"a":{"a":0,"k":[0,0],"ix":1},"s":{"a":0,"k":[100,100],"ix":3},"r":{"a":0,"k":0,"ix":6},"o":{"a":0,"k":100,"ix":7},"sk":{"a":0,"k":0,"ix":4},"sa":{"a":0,"k":0,"ix":5},"nm":"Transform"}],"nm":"Group 2","np":2,"cix":2,"bm":0,"ix":2,"mn":"ADBE Vector Group","hd":false},{"ty":"gr","it":[{"ind":0,"ty":"sh","ix":1,"ks":{"a":0,"k":{"i":[[0,0],[0.972,3.373],[0,0],[2.952,1.519],[3.134,-1.122],[0.759,1.002],[0,0],[4.499,-1.545],[0,0],[1.736,2.113],[5.324,-1.828],[0,0],[0.094,0.275],[0,0],[4.233,-1.454],[-1.209,-4.182],[-2.525,-8.779],[-0.089,-0.325],[2.282,2.8],[7.043,0.418],[0.703,-0.816],[-0.221,-1.065],[0,0],[-5.489,-5.09],[-0.213,-0.192],[0,0],[-1.595,-2.931],[0,0],[0,0]],"o":[[-1.877,-2.961],[0,0],[-0.921,-3.198],[-2.952,-1.518],[-1.171,0.45],[0,0],[-2.88,-3.796],[0,0],[-2.583,0.886],[-3.417,-4.16],[0,0],[-0.276,0.094],[0,0],[-1.448,-4.25],[-4.107,1.408],[0.054,0.189],[0.098,0.321],[0.075,0.279],[-1.24,-1.521],[-1.068,-0.063],[-0.71,0.825],[0,0],[1.573,7.632],[0.227,0.209],[0,0],[2.634,2.326],[0,0],[0,0],[0,0]],"v":[[44.743,82.429],[40.45,72.886],[24.338,16.953],[18.33,9.639],[8.902,9.024],[5.663,8.056],[3.893,5.729],[-8.445,1.964],[-11.525,3.022],[-18.746,0.97],[-33.36,-2.93],[-37.807,-1.403],[-38.476,-1.731],[-57.262,-56.59],[-67.565,-61.66],[-72.733,-51.689],[-51.239,23.044],[-50.96,24.011],[-55.847,15.363],[-68.104,8.298],[-70.89,9.481],[-71.661,12.454],[-62.907,54.94],[-52.112,74.384],[-51.442,74.992],[-11.926,106.788],[-6.047,115.077],[2.427,132.343],[73.942,132.343]],"c":true},"ix":2},"nm":"Path 1","mn":"ADBE Vector Shape - Group","hd":false},{"ty":"fl","c":{"a":0,"k":[0.360784313725,0.298039215686,0.341176470588,1],"ix":4},"o":{"a":0,"k":100,"ix":5},"r":1,"bm":0,"nm":"Fill 1","mn":"ADBE Vector Graphic - Fill","hd":false},{"ty":"tr","p":{"a":0,"k":[186.734,124.886],"ix":2},"a":{"a":0,"k":[0,0],"ix":1},"s":{"a":0,"k":[100,100],"ix":3},"r":{"a":0,"k":0,"ix":6},"o":{"a":0,"k":100,"ix":7},"sk":{"a":0,"k":0,"ix":4},"sa":{"a":0,"k":0,"ix":5},"nm":"Transform"}],"nm":"Group 3","np":2,"cix":2,"bm":0,"ix":3,"mn":"ADBE Vector Group","hd":false}],"ip":0,"op":900,"st":0,"bm":0},{"ddd":0,"ind":2,"ty":4,"nm":"pointer 5","sr":1,"ks":{"o":{"a":1,"k":[{"i":{"x":[1],"y":[1]},"o":{"x":[0],"y":[0]},"t":103,"s":[0]},{"i":{"x":[0.833],"y":[1]},"o":{"x":[0.167],"y":[0]},"t":112,"s":[100]},{"t":135,"s":[0]}],"ix":11},"r":{"a":0,"k":0,"ix":10},"p":{"a":0,"k":[351.188,194.312,0],"ix":2},"a":{"a":0,"k":[387,185,0],"ix":1},"s":{"a":1,"k":[{"i":{"x":[0.1,0.1,0.833],"y":[1,1,1]},"o":{"x":[0.33,0.33,0.167],"y":[0,0,0]},"t":103,"s":[30,30,100]},{"t":123,"s":[120,120,100]}],"ix":6}},"ao":0,"shapes":[{"ty":"gr","it":[{"ind":0,"ty":"sh","ix":1,"ks":{"a":0,"k":{"i":[[-26.956,0],[0,26.956],[26.956,0],[0,-26.956]],"o":[[26.956,0],[0,-26.956],[-26.956,0],[0,26.956]],"v":[[-91.849,-75.041],[-43.041,-123.849],[-91.849,-172.657],[-140.657,-123.849]],"c":true},"ix":2},"nm":"Path 6","mn":"ADBE Vector Shape - Group","hd":false},{"ty":"fl","c":{"a":0,"k":[0.282352941176,0.639215686275,0.929411764706,1],"ix":4},"o":{"a":0,"k":100,"ix":5},"r":1,"bm":0,"nm":"Fill 1","mn":"ADBE Vector Graphic - Fill","hd":false},{"ty":"tr","p":{"a":0,"k":[480,308],"ix":2},"a":{"a":0,"k":[0,0],"ix":1},"s":{"a":0,"k":[100,100],"ix":3},"r":{"a":0,"k":0,"ix":6},"o":{"a":0,"k":20,"ix":7},"sk":{"a":0,"k":0,"ix":4},"sa":{"a":0,"k":0,"ix":5},"nm":"Transform"}],"nm":"point3","np":2,"cix":2,"bm":0,"ix":3,"mn":"ADBE Vector Group","hd":false},{"ty":"gr","it":[{"ind":0,"ty":"sh","ix":1,"ks":{"a":0,"k":{"i":[[-26.956,0],[0,-26.956],[26.956,0],[0,26.956]],"o":[[26.956,0],[0,26.956],[-26.956,0],[0,-26.956]],"v":[[-91.849,-172.657],[-43.041,-123.849],[-91.849,-75.041],[-140.657,-123.849]],"c":true},"ix":2},"nm":"Path 4","mn":"ADBE Vector Shape - Group","hd":false},{"ind":1,"ty":"sh","ix":2,"ks":{"a":0,"k":{"i":[[30.411,0],[0,-30.411],[-30.41,0],[0,30.411]],"o":[[-30.411,0],[0,30.411],[30.41,0],[0,-30.411]],"v":[[-91.849,-179],[-147,-123.849],[-91.849,-68.698],[-36.698,-123.849]],"c":true},"ix":2},"nm":"Path 5","mn":"ADBE Vector Shape - Group","hd":false},{"ty":"fl","c":{"a":0,"k":[0,0.447058826685,0.870588243008,1],"ix":4},"o":{"a":0,"k":100,"ix":5},"r":1,"bm":0,"nm":"Fill 1","mn":"ADBE Vector Graphic - Fill","hd":false},{"ty":"tr","p":{"a":0,"k":[480,308],"ix":2},"a":{"a":0,"k":[0,0],"ix":1},"s":{"a":0,"k":[100,100],"ix":3},"r":{"a":0,"k":0,"ix":6},"o":{"a":0,"k":70,"ix":7},"sk":{"a":0,"k":0,"ix":4},"sa":{"a":0,"k":0,"ix":5},"nm":"Transform"}],"nm":"point4","np":3,"cix":2,"bm":0,"ix":4,"mn":"ADBE Vector Group","hd":false}],"ip":0,"op":180,"st":0,"bm":0},{"ddd":0,"ind":3,"ty":4,"nm":"pointer 2","sr":1,"ks":{"o":{"a":1,"k":[{"i":{"x":[1],"y":[1]},"o":{"x":[0],"y":[0]},"t":75,"s":[0]},{"i":{"x":[0.833],"y":[1]},"o":{"x":[0.167],"y":[0]},"t":84,"s":[100]},{"t":107,"s":[0]}],"ix":11},"r":{"a":0,"k":0,"ix":10},"p":{"a":0,"k":[351.25,194.25,0],"ix":2},"a":{"a":0,"k":[387,185,0],"ix":1},"s":{"a":1,"k":[{"i":{"x":[0.1,0.1,0.833],"y":[1,1,1]},"o":{"x":[0.33,0.33,0.167],"y":[0,0,0]},"t":75,"s":[30,30,100]},{"t":95,"s":[120,120,100]}],"ix":6}},"ao":0,"shapes":[{"ty":"gr","it":[{"ind":0,"ty":"sh","ix":1,"ks":{"a":0,"k":{"i":[[-26.956,0],[0,26.956],[26.956,0],[0,-26.956]],"o":[[26.956,0],[0,-26.956],[-26.956,0],[0,26.956]],"v":[[-91.849,-75.041],[-43.041,-123.849],[-91.849,-172.657],[-140.657,-123.849]],"c":true},"ix":2},"nm":"Path 6","mn":"ADBE Vector Shape - Group","hd":false},{"ty":"fl","c":{"a":0,"k":[0.282352941176,0.639215686275,0.929411764706,1],"ix":4},"o":{"a":0,"k":100,"ix":5},"r":1,"bm":0,"nm":"Fill 1","mn":"ADBE Vector Graphic - Fill","hd":false},{"ty":"tr","p":{"a":0,"k":[480,308],"ix":2},"a":{"a":0,"k":[0,0],"ix":1},"s":{"a":0,"k":[100,100],"ix":3},"r":{"a":0,"k":0,"ix":6},"o":{"a":0,"k":20,"ix":7},"sk":{"a":0,"k":0,"ix":4},"sa":{"a":0,"k":0,"ix":5},"nm":"Transform"}],"nm":"point3","np":2,"cix":2,"bm":0,"ix":3,"mn":"ADBE Vector Group","hd":false},{"ty":"gr","it":[{"ind":0,"ty":"sh","ix":1,"ks":{"a":0,"k":{"i":[[-26.956,0],[0,-26.956],[26.956,0],[0,26.956]],"o":[[26.956,0],[0,26.956],[-26.956,0],[0,-26.956]],"v":[[-91.849,-172.657],[-43.041,-123.849],[-91.849,-75.041],[-140.657,-123.849]],"c":true},"ix":2},"nm":"Path 4","mn":"ADBE Vector Shape - Group","hd":false},{"ind":1,"ty":"sh","ix":2,"ks":{"a":0,"k":{"i":[[30.411,0],[0,-30.411],[-30.41,0],[0,30.411]],"o":[[-30.411,0],[0,30.411],[30.41,0],[0,-30.411]],"v":[[-91.849,-179],[-147,-123.849],[-91.849,-68.698],[-36.698,-123.849]],"c":true},"ix":2},"nm":"Path 5","mn":"ADBE Vector Shape - Group","hd":false},{"ty":"fl","c":{"a":0,"k":[0,0.447058826685,0.870588243008,1],"ix":4},"o":{"a":0,"k":100,"ix":5},"r":1,"bm":0,"nm":"Fill 1","mn":"ADBE Vector Graphic - Fill","hd":false},{"ty":"tr","p":{"a":0,"k":[480,308],"ix":2},"a":{"a":0,"k":[0,0],"ix":1},"s":{"a":0,"k":[100,100],"ix":3},"r":{"a":0,"k":0,"ix":6},"o":{"a":0,"k":70,"ix":7},"sk":{"a":0,"k":0,"ix":4},"sa":{"a":0,"k":0,"ix":5},"nm":"Transform"}],"nm":"point4","np":3,"cix":2,"bm":0,"ix":4,"mn":"ADBE Vector Group","hd":false}],"ip":0,"op":180,"st":0,"bm":0},{"ddd":0,"ind":4,"ty":4,"nm":"pointer 4","sr":1,"ks":{"o":{"a":1,"k":[{"i":{"x":[1],"y":[1]},"o":{"x":[0],"y":[0]},"t":47,"s":[0]},{"i":{"x":[0.833],"y":[1]},"o":{"x":[0.167],"y":[0]},"t":56,"s":[100]},{"t":79,"s":[0]}],"ix":11},"r":{"a":0,"k":0,"ix":10},"p":{"a":0,"k":[351.5,194.25,0],"ix":2},"a":{"a":0,"k":[387,185,0],"ix":1},"s":{"a":1,"k":[{"i":{"x":[0.1,0.1,0.833],"y":[1,1,1]},"o":{"x":[0.33,0.33,0.167],"y":[0,0,0]},"t":47,"s":[30,30,100]},{"t":67,"s":[120,120,100]}],"ix":6}},"ao":0,"shapes":[{"ty":"gr","it":[{"ind":0,"ty":"sh","ix":1,"ks":{"a":0,"k":{"i":[[-26.956,0],[0,26.956],[26.956,0],[0,-26.956]],"o":[[26.956,0],[0,-26.956],[-26.956,0],[0,26.956]],"v":[[-91.849,-75.041],[-43.041,-123.849],[-91.849,-172.657],[-140.657,-123.849]],"c":true},"ix":2},"nm":"Path 6","mn":"ADBE Vector Shape - Group","hd":false},{"ty":"fl","c":{"a":0,"k":[0.282352941176,0.639215686275,0.929411764706,1],"ix":4},"o":{"a":0,"k":100,"ix":5},"r":1,"bm":0,"nm":"Fill 1","mn":"ADBE Vector Graphic - Fill","hd":false},{"ty":"tr","p":{"a":0,"k":[480,308],"ix":2},"a":{"a":0,"k":[0,0],"ix":1},"s":{"a":0,"k":[100,100],"ix":3},"r":{"a":0,"k":0,"ix":6},"o":{"a":0,"k":20,"ix":7},"sk":{"a":0,"k":0,"ix":4},"sa":{"a":0,"k":0,"ix":5},"nm":"Transform"}],"nm":"point3","np":2,"cix":2,"bm":0,"ix":3,"mn":"ADBE Vector Group","hd":false},{"ty":"gr","it":[{"ind":0,"ty":"sh","ix":1,"ks":{"a":0,"k":{"i":[[-26.956,0],[0,-26.956],[26.956,0],[0,26.956]],"o":[[26.956,0],[0,26.956],[-26.956,0],[0,-26.956]],"v":[[-91.849,-172.657],[-43.041,-123.849],[-91.849,-75.041],[-140.657,-123.849]],"c":true},"ix":2},"nm":"Path 4","mn":"ADBE Vector Shape - Group","hd":false},{"ind":1,"ty":"sh","ix":2,"ks":{"a":0,"k":{"i":[[30.411,0],[0,-30.411],[-30.41,0],[0,30.411]],"o":[[-30.411,0],[0,30.411],[30.41,0],[0,-30.411]],"v":[[-91.849,-179],[-147,-123.849],[-91.849,-68.698],[-36.698,-123.849]],"c":true},"ix":2},"nm":"Path 5","mn":"ADBE Vector Shape - Group","hd":false},{"ty":"fl","c":{"a":0,"k":[0,0.447058826685,0.870588243008,1],"ix":4},"o":{"a":0,"k":100,"ix":5},"r":1,"bm":0,"nm":"Fill 1","mn":"ADBE Vector Graphic - Fill","hd":false},{"ty":"tr","p":{"a":0,"k":[480,308],"ix":2},"a":{"a":0,"k":[0,0],"ix":1},"s":{"a":0,"k":[100,100],"ix":3},"r":{"a":0,"k":0,"ix":6},"o":{"a":0,"k":70,"ix":7},"sk":{"a":0,"k":0,"ix":4},"sa":{"a":0,"k":0,"ix":5},"nm":"Transform"}],"nm":"point4","np":3,"cix":2,"bm":0,"ix":4,"mn":"ADBE Vector Group","hd":false}],"ip":0,"op":180,"st":0,"bm":0},{"ddd":0,"ind":5,"ty":4,"nm":"buds 3","sr":1,"ks":{"o":{"a":0,"k":100,"ix":11},"r":{"a":0,"k":0,"ix":10},"p":{"a":0,"k":[393.15,198.996,0],"ix":2},"a":{"a":0,"k":[222.385,92.719,0],"ix":1},"s":{"a":0,"k":[-197,197,100],"ix":6}},"ao":0,"shapes":[{"ty":"gr","it":[{"ty":"gr","it":[{"ind":0,"ty":"sh","ix":1,"ks":{"a":0,"k":{"i":[[8.096,-2.016],[0.875,-2.928],[-0.944,-0.307],[-6.418,1.599],[-1.223,1.136],[0.809,1.014]],"o":[[-8.095,2.017],[-0.399,1.333],[1.613,0.526],[6.391,-1.592],[0.916,-0.852],[-2.261,-2.832]],"v":[[-2.652,-5.937],[-14.652,4.618],[-13.708,7.427],[0.482,4.82],[14.135,0.428],[13.78,-2.509]],"c":true},"ix":2},"nm":"Path 1","mn":"ADBE Vector Shape - Group","hd":false},{"ty":"fl","c":{"a":0,"k":[0.286274509804,0.313725490196,0.341176470588,1],"ix":4},"o":{"a":0,"k":100,"ix":5},"r":1,"bm":0,"nm":"Fill 1","mn":"ADBE Vector Graphic - Fill","hd":false},{"ty":"tr","p":{"a":0,"k":[114.6,39.744],"ix":2},"a":{"a":0,"k":[0,0],"ix":1},"s":{"a":0,"k":[100,100],"ix":3},"r":{"a":0,"k":0,"ix":6},"o":{"a":0,"k":100,"ix":7},"sk":{"a":0,"k":0,"ix":4},"sa":{"a":0,"k":0,"ix":5},"nm":"Transform"}],"nm":"Group 1","np":2,"cix":2,"bm":0,"ix":1,"mn":"ADBE Vector Group","hd":false},{"ty":"gr","it":[{"ind":0,"ty":"sh","ix":1,"ks":{"a":0,"k":{"i":[[0.682,0.05],[-0.028,0.685],[-0.681,-0.052],[0.028,-0.685]],"o":[[-0.681,-0.051],[0.03,-0.685],[0.682,0.05],[-0.03,0.685]],"v":[[-0.053,1.242],[-1.235,-0.091],[0.052,-1.24],[1.235,0.093]],"c":true},"ix":2},"nm":"Path 1","mn":"ADBE Vector Shape - Group","hd":false},{"ty":"fl","c":{"a":0,"k":[0.286274509804,0.313725490196,0.341176470588,1],"ix":4},"o":{"a":0,"k":100,"ix":5},"r":1,"bm":0,"nm":"Fill 1","mn":"ADBE Vector Graphic - Fill","hd":false},{"ty":"tr","p":{"a":0,"k":[119.211,83.395],"ix":2},"a":{"a":0,"k":[0,0],"ix":1},"s":{"a":0,"k":[100,100],"ix":3},"r":{"a":0,"k":0,"ix":6},"o":{"a":0,"k":100,"ix":7},"sk":{"a":0,"k":0,"ix":4},"sa":{"a":0,"k":0,"ix":5},"nm":"Transform"}],"nm":"Group 2","np":2,"cix":2,"bm":0,"ix":2,"mn":"ADBE Vector Group","hd":false},{"ty":"gr","it":[{"ind":0,"ty":"sh","ix":1,"ks":{"a":0,"k":{"i":[[0,0],[-3.298,1.803]],"o":[[0,0],[0,0]],"v":[[-4.344,0.443],[4.344,-0.902]],"c":false},"ix":2},"nm":"Path 1","mn":"ADBE Vector Shape - Group","hd":false},{"ty":"st","c":{"a":0,"k":[0.286274509804,0.313725490196,0.341176470588,1],"ix":3},"o":{"a":0,"k":100,"ix":4},"w":{"a":0,"k":2.481,"ix":5},"lc":2,"lj":1,"ml":4,"bm":0,"nm":"Stroke 1","mn":"ADBE Vector Graphic - Stroke","hd":false},{"ty":"tr","p":{"a":0,"k":[123.651,82.982],"ix":2},"a":{"a":0,"k":[0,0],"ix":1},"s":{"a":0,"k":[100,100],"ix":3},"r":{"a":0,"k":0,"ix":6},"o":{"a":0,"k":20,"ix":7},"sk":{"a":0,"k":0,"ix":4},"sa":{"a":0,"k":0,"ix":5},"nm":"Transform"}],"nm":"Group 3","np":2,"cix":2,"bm":0,"ix":3,"mn":"ADBE Vector Group","hd":false},{"ty":"tr","p":{"a":0,"k":[247.448,83.804],"ix":2},"a":{"a":0,"k":[114.516,58.867],"ix":1},"s":{"a":0,"k":[-151.375,151],"ix":3},"r":{"a":0,"k":0,"ix":6},"o":{"a":0,"k":100,"ix":7},"sk":{"a":0,"k":0,"ix":4},"sa":{"a":0,"k":0,"ix":5},"nm":"Transform"}],"nm":"Group 5","np":3,"cix":2,"bm":0,"ix":1,"mn":"ADBE Vector Group","hd":false},{"ty":"gr","it":[{"ind":0,"ty":"sh","ix":1,"ks":{"a":0,"k":{"i":[[-2.129,-19.02],[-17.709,-3.326],[0,0],[-9.391,5.373],[0,0],[10.134,19.475],[0,0],[-16.759,24.662],[0,0],[0,0]],"o":[[3.272,29.221],[0,0],[8.885,1.604],[0,0],[-22.45,4.285],[0,0],[-10.421,-20.528],[0,0],[0,0],[-18.357,13.473]],"v":[[-32.816,6.662],[5.223,48.91],[5.76,49.009],[34.319,43.811],[34.945,43.447],[-13.93,20.662],[-14.235,20.069],[-4.728,-47.716],[-4.217,-48.464],[-2.728,-50.613]],"c":true},"ix":2},"nm":"Path 2","mn":"ADBE Vector Shape - Group","hd":false},{"ty":"fl","c":{"a":0,"k":[0.678431372549,0.709803921569,0.741176470588,1],"ix":4},"o":{"a":0,"k":100,"ix":5},"r":1,"bm":0,"nm":"Fill 1","mn":"ADBE Vector Graphic - Fill","hd":false},{"ty":"tr","p":{"a":0,"k":[219.773,98.371],"ix":2},"a":{"a":0,"k":[0,0],"ix":1},"s":{"a":0,"k":[100,100],"ix":3},"r":{"a":0,"k":0,"ix":6},"o":{"a":0,"k":100,"ix":7},"sk":{"a":0,"k":0,"ix":4},"sa":{"a":0,"k":0,"ix":5},"nm":"Transform"}],"nm":"Group 1","np":2,"cix":2,"bm":0,"ix":2,"mn":"ADBE Vector Group","hd":false},{"ty":"gr","it":[{"ind":0,"ty":"sh","ix":1,"ks":{"a":0,"k":{"i":[[-3.078,-27.494],[-17.709,-3.325],[0,0],[-10.698,28.157],[0,0],[29.995,7.109],[0,0],[1.866,0.047],[0,0]],"o":[[3.272,29.221],[0,0],[17.72,3.197],[0,0],[10.444,-28.547],[0,0],[-1.844,-0.391],[0,0],[-29.026,0.004]],"v":[[-48.975,10.745],[-10.936,52.993],[-10.399,53.092],[41.289,19.276],[41.609,18.416],[14.591,-55.421],[13.676,-55.628],[8.108,-56.279],[7.307,-56.288]],"c":true},"ix":2},"nm":"Path 2","mn":"ADBE Vector Shape - Group","hd":false},{"ty":"fl","c":{"a":0,"k":[0.807843137255,0.83137254902,0.854901960784,1],"ix":4},"o":{"a":0,"k":100,"ix":5},"r":1,"bm":0,"nm":"Fill 1","mn":"ADBE Vector Graphic - Fill","hd":false},{"ty":"tr","p":{"a":0,"k":[235.932,94.288],"ix":2},"a":{"a":0,"k":[0,0],"ix":1},"s":{"a":0,"k":[100,100],"ix":3},"r":{"a":0,"k":0,"ix":6},"o":{"a":0,"k":100,"ix":7},"sk":{"a":0,"k":0,"ix":4},"sa":{"a":0,"k":0,"ix":5},"nm":"Transform"}],"nm":"Group 2","np":2,"cix":2,"bm":0,"ix":3,"mn":"ADBE Vector Group","hd":false},{"ty":"gr","it":[{"ind":0,"ty":"sh","ix":1,"ks":{"a":0,"k":{"i":[[3.218,-6.375],[-9.042,-8.741],[0,0],[-7.552,0.635],[0,0],[0,0]],"o":[[-4.758,9.422],[0,0],[6.091,5.677],[0,0],[0,0],[-4.749,1.939]],"v":[[-11.918,-13.999],[-4.735,17.89],[-4.331,18.272],[16.135,25.834],[16.676,25.783],[0.032,-26.469]],"c":true},"ix":2},"nm":"Path 2","mn":"ADBE Vector Shape - Group","hd":false},{"ty":"fl","c":{"a":0,"k":[0.286274509804,0.313725490196,0.341176470588,1],"ix":4},"o":{"a":0,"k":100,"ix":5},"r":1,"bm":0,"nm":"Fill 1","mn":"ADBE Vector Graphic - Fill","hd":false},{"ty":"tr","p":{"a":0,"k":[193.191,113.011],"ix":2},"a":{"a":0,"k":[0,0],"ix":1},"s":{"a":0,"k":[100,100],"ix":3},"r":{"a":0,"k":0,"ix":6},"o":{"a":0,"k":100,"ix":7},"sk":{"a":0,"k":0,"ix":4},"sa":{"a":0,"k":0,"ix":5},"nm":"Transform"}],"nm":"Group 3","np":2,"cix":2,"bm":0,"ix":4,"mn":"ADBE Vector Group","hd":false},{"ty":"gr","it":[{"ind":0,"ty":"sh","ix":1,"ks":{"a":0,"k":{"i":[[3.922,-12.42],[-5.959,-5.482],[0,0],[-14.726,3.803],[0,0],[0,0]],"o":[[-3.16,10.005],[0,0],[7.695,6.859],[0,0],[0,0],[-10.113,1.328]],"v":[[-22.09,-5.013],[-15.543,19.009],[-15.238,19.285],[24.656,26.019],[25.251,25.861],[7.917,-29.822]],"c":true},"ix":2},"nm":"Path 2","mn":"ADBE Vector Shape - Group","hd":false},{"ty":"fl","c":{"a":0,"k":[0.525490196078,0.556862745098,0.588235294118,1],"ix":4},"o":{"a":0,"k":100,"ix":5},"r":1,"bm":0,"nm":"Fill 1","mn":"ADBE Vector Graphic - Fill","hd":false},{"ty":"tr","p":{"a":0,"k":[186.238,114.024],"ix":2},"a":{"a":0,"k":[0,0],"ix":1},"s":{"a":0,"k":[100,100],"ix":3},"r":{"a":0,"k":0,"ix":6},"o":{"a":0,"k":100,"ix":7},"sk":{"a":0,"k":0,"ix":4},"sa":{"a":0,"k":0,"ix":5},"nm":"Transform"}],"nm":"Group 4","np":2,"cix":2,"bm":0,"ix":5,"mn":"ADBE Vector Group","hd":false}],"ip":-153,"op":747,"st":-153,"bm":0},{"ddd":0,"ind":6,"ty":1,"nm":"White Solid 3","sr":1,"ks":{"o":{"a":0,"k":100,"ix":11},"r":{"a":0,"k":0,"ix":10},"p":{"a":0,"k":[480,300,0],"ix":2},"a":{"a":0,"k":[480,300,0],"ix":1},"s":{"a":0,"k":[100,100,100],"ix":6}},"ao":0,"sw":960,"sh":600,"sc":"#fcfcfc","ip":0,"op":900,"st":0,"bm":0}],"markers":[]}