<?xml version="1.0" encoding="utf-8"?>
<inset xmlns:android="http://schemas.android.com/apk/res/android" xmlns:app="http://schemas.android.com/apk/res-auto" xmlns:aapt="http://schemas.android.com/aapt" android:insetTop="@dimen/sesl_action_item_show_button_background_inset_vertical" android:insetBottom="@dimen/sesl_action_item_show_button_background_inset_vertical">
    <ripple android:color="?attr/colorControlHighlight">
        <item android:id="@android:id/mask">
            <shape android:shape="rectangle">
                <corners android:radius="@dimen/sesl_action_menu_item_text_ripple_radius"/>
                <solid android:color="@color/sesl_action_bar_background_color_dark"/>
            </shape>
        </item>
    </ripple>
</inset>
