{"v":"5.7.6","fr":60,"ip":0,"op":61,"w":300,"h":300,"nm":"Activate_noise canceling dark","ddd":0,"assets":[{"id":"comp_0","layers":[{"ddd":0,"ind":1,"ty":4,"nm":"IC_outline_noise cancel","sr":1,"ks":{"o":{"a":1,"k":[{"i":{"x":[0.833],"y":[0.833]},"o":{"x":[0.167],"y":[0.167]},"t":0,"s":[30]},{"i":{"x":[0.833],"y":[0.833]},"o":{"x":[0.167],"y":[0.167]},"t":6,"s":[30]},{"t":15,"s":[100]}],"ix":11},"r":{"a":0,"k":0,"ix":10},"p":{"a":0,"k":[148.25,146.75,0],"ix":2,"l":2},"a":{"a":0,"k":[69,37,0],"ix":1,"l":2},"s":{"a":0,"k":[149.514,149.514,100],"ix":6,"l":2}},"ao":0,"shapes":[{"ty":"gr","it":[{"ind":0,"ty":"sh","ix":1,"ks":{"a":0,"k":{"i":[[0.063,0],[0.613,2.456],[0,0],[0,0],[2,0],[0,0],[0,3.037],[-3.038,0],[0,0],[0,0],[-2.239,-0.297],[-0.547,-2.192],[0,0],[0,0],[-2.609,0.069],[-0.592,-2.543],[0,0],[0,0],[-2.435,0.165],[-0.845,-2.29],[0,0],[0,0],[0,-3.037],[3.038,0],[0,0],[0.797,2.162],[0,0],[0,0],[2.567,-0.014],[0.582,2.5],[0,0],[0,0],[2.594,-0.089]],"o":[[-2.515,0],[0,0],[0,0],[-0.969,1.75],[0,0],[-3.038,0],[0,-3.038],[0,0],[0,0],[1.095,-1.976],[2.241,0.294],[0,0],[0,0],[0.458,-2.57],[2.623,-0.078],[0,0],[0,0],[0.529,-2.383],[2.432,-0.165],[0,0],[0,0],[3.038,0],[0,3.038],[0,0],[-2.305,0],[0,0],[0,0],[-0.557,2.507],[-2.533,0.035],[0,0],[0,0],[-0.455,2.555],[-0.063,0.002]],"v":[[-9.559,36.693],[-14.893,32.525],[-23.297,-1.144],[-29.647,10.322],[-34.458,13.158],[-63.334,13.158],[-68.833,7.658],[-63.334,2.158],[-37.699,2.158],[-26.154,-18.691],[-20.627,-21.479],[-16.006,-17.358],[-10.458,4.871],[-3.867,-32.156],[1.402,-36.69],[6.904,-32.44],[14.22,-1.059],[19.123,-23.141],[24.123,-27.437],[29.653,-23.851],[38.988,1.48],[63.334,1.48],[68.833,6.98],[63.334,12.48],[35.154,12.48],[29.993,8.882],[25.805,-2.484],[19.719,24.918],[14.379,29.226],[8.994,24.975],[2.27,-3.866],[-4.142,32.156],[-9.369,36.69]],"c":true},"ix":2},"nm":"패스 1","mn":"ADBE Vector Shape - Group","hd":false},{"ty":"fl","c":{"a":1,"k":[{"i":{"x":[0.833],"y":[0.833]},"o":{"x":[0.167],"y":[0.167]},"t":0,"s":[0.980392158031,0.980392158031,0.980392158031,1]},{"i":{"x":[0.833],"y":[0.833]},"o":{"x":[0.167],"y":[0.167]},"t":6,"s":[0.980392158031,0.980392158031,0.980392158031,1]},{"t":15,"s":[0.992156863213,0.992156863213,0.992156863213,1]}],"ix":4},"o":{"a":0,"k":100,"ix":5},"r":1,"bm":0,"nm":"칠 1","mn":"ADBE Vector Graphic - Fill","hd":false},{"ty":"tr","p":{"a":0,"k":[68.833,37.307],"ix":2},"a":{"a":0,"k":[0,0],"ix":1},"s":{"a":0,"k":[100,100],"ix":3},"r":{"a":0,"k":0,"ix":6},"o":{"a":0,"k":100,"ix":7},"sk":{"a":0,"k":0,"ix":4},"sa":{"a":0,"k":0,"ix":5},"nm":"Transform"}],"nm":"그룹 1","np":4,"cix":2,"bm":0,"ix":1,"mn":"ADBE Vector Group","hd":false}],"ip":0,"op":19800,"st":0,"bm":0}]}],"layers":[{"ddd":0,"ind":1,"ty":4,"nm":"ic_noise_body","sr":1,"ks":{"o":{"a":1,"k":[{"i":{"x":[0.833],"y":[0.833]},"o":{"x":[0.167],"y":[0.167]},"t":20,"s":[0]},{"t":25,"s":[100]}],"ix":11},"r":{"a":0,"k":0,"ix":10},"p":{"a":0,"k":[147.5,147.473,0],"ix":2,"l":2},"a":{"a":0,"k":[65.5,50.5,0],"ix":1,"l":2},"s":{"a":0,"k":[157.213,157.213,100],"ix":6,"l":2}},"ao":0,"shapes":[{"ty":"gr","it":[{"ind":0,"ty":"sh","ix":1,"ks":{"a":0,"k":{"i":[[0,0],[2.357,-0.082],[0.384,-2.358],[0,0],[0,0]],"o":[[-0.539,-2.328],[-2.387,0.079],[0,0],[0,0],[0,0]],"v":[[5.877,-14.343],[0.84,-18.211],[-3.928,-14.017],[-9.184,18.293],[9.184,-0.074]],"c":true},"ix":2},"nm":"패스 1","mn":"ADBE Vector Shape - Group","hd":false},{"ty":"tr","p":{"a":0,"k":[65.972,30.562],"ix":2},"a":{"a":0,"k":[0,0],"ix":1},"s":{"a":0,"k":[100,100],"ix":3},"r":{"a":0,"k":0,"ix":6},"o":{"a":0,"k":100,"ix":7},"sk":{"a":0,"k":0,"ix":4},"sa":{"a":0,"k":0,"ix":5},"nm":"Transform"}],"nm":"그룹 1","np":1,"cix":2,"bm":0,"ix":1,"mn":"ADBE Vector Group","hd":false},{"ty":"gr","it":[{"ind":0,"ty":"sh","ix":1,"ks":{"a":0,"k":{"i":[[0,0],[-2.354,0],[-0.041,0.001],[-0.386,2.375],[0,0],[0,0]],"o":[[0.491,2.314],[0.041,0],[2.405,-0.059],[0,0],[0,0],[0,0]],"v":[[-5.908,7.933],[-1.02,11.894],[-0.897,11.893],[3.917,7.696],[7.104,-11.894],[-7.104,2.313]],"c":true},"ix":2},"nm":"패스 1","mn":"ADBE Vector Shape - Group","hd":false},{"ty":"tr","p":{"a":0,"k":[57.389,75.673],"ix":2},"a":{"a":0,"k":[0,0],"ix":1},"s":{"a":0,"k":[100,100],"ix":3},"r":{"a":0,"k":0,"ix":6},"o":{"a":0,"k":100,"ix":7},"sk":{"a":0,"k":0,"ix":4},"sa":{"a":0,"k":0,"ix":5},"nm":"Transform"}],"nm":"그룹 2","np":1,"cix":2,"bm":0,"ix":2,"mn":"ADBE Vector Group","hd":false},{"ty":"gr","it":[{"ind":0,"ty":"sh","ix":1,"ks":{"a":0,"k":{"i":[[19.873,0],[7.558,6.432],[0,0],[0,-10.679],[0.018,-0.515],[0,0],[0,0],[0.174,0.248],[0,0],[0,0],[0,0],[0,0],[-2.302,-0.031],[-0.578,2.228],[0,0],[0,0],[-1.958,0],[0,0]],"o":[[-10.679,0],[0,0],[6.432,7.558],[0,0.518],[0,0],[0,0],[-0.129,-0.282],[0,0],[0,0],[0,0],[0,0],[0.52,2.242],[2.292,0.037],[0,0],[0,0],[0.813,1.782],[0,0],[-5.068,18.282]],"v":[[0.75,43.293],[-27.267,32.967],[33.717,-28.017],[44.043,0],[44.004,1.547],[36.797,1.547],[28.959,-15.642],[28.497,-16.433],[16.997,-4.933],[13.913,-1.849],[5.58,6.485],[9.838,24.859],[14.642,28.73],[19.547,24.989],[25.703,1.321],[29.031,8.621],[33.581,11.547],[42.468,11.547]],"c":true},"ix":2},"nm":"패스 1","mn":"ADBE Vector Shape - Group","hd":false},{"ind":1,"ty":"sh","ix":2,"ks":{"a":0,"k":{"i":[[1.738,5.864],[0,0],[-0.8,1.812],[0,0],[0,0],[0,0],[0,0],[2.157,0.224],[0.876,-1.984],[0,0],[0,0],[0,0.757],[-23.872,0],[-7.558,-6.432],[0,0]],"o":[[0,0],[1.981,0],[0,0],[0,0],[0,0],[0,0],[-0.45,-2.122],[-2.158,-0.222],[0,0],[0,0],[-0.038,-0.747],[0,-23.872],[10.679,0],[0,0],[-3.868,-4.544]],"v":[[-40.764,12.256],[-32.916,12.256],[-28.343,9.275],[-22.063,-4.944],[-19.181,8.617],[-10.749,0.185],[-15.498,-22.153],[-19.873,-26.088],[-24.962,-23.134],[-36.174,2.256],[-42.481,2.256],[-42.543,0],[0.75,-43.293],[28.767,-32.967],[-32.217,28.017]],"c":true},"ix":2},"nm":"패스 2","mn":"ADBE Vector Shape - Group","hd":false},{"ind":2,"ty":"sh","ix":3,"ks":{"a":0,"k":{"i":[[2.762,0],[0,0],[0,0.518],[27.732,0],[0,-27.732],[-0.033,-0.749],[0,0],[0,-2.762],[-2.762,0],[0,0],[-23.505,0],[-5.233,22.182],[0,0],[0,2.762]],"o":[[0,0],[0.016,-0.515],[0,-27.732],[-27.732,0],[0,0.756],[0,0],[-2.762,0],[0,2.762],[0,0],[5.487,21.827],[23.758,0],[0,0],[2.762,0],[0,-2.762]],"v":[[60.5,1.547],[51.004,1.547],[51.043,0],[0.75,-50.293],[-49.543,0],[-49.486,2.256],[-60.5,2.256],[-65.5,7.256],[-60.5,12.256],[-48.026,12.256],[0.75,50.293],[49.69,11.547],[60.5,11.547],[65.5,6.547]],"c":true},"ix":2},"nm":"패스 3","mn":"ADBE Vector Shape - Group","hd":false},{"ty":"mm","mm":1,"nm":"패스 병합 1","mn":"ADBE Vector Filter - Merge","hd":false},{"ty":"tr","p":{"a":0,"k":[65.5,50.707],"ix":2},"a":{"a":0,"k":[0,0],"ix":1},"s":{"a":0,"k":[100,100],"ix":3},"r":{"a":0,"k":0,"ix":6},"o":{"a":0,"k":100,"ix":7},"sk":{"a":0,"k":0,"ix":4},"sa":{"a":0,"k":0,"ix":5},"nm":"Transform"}],"nm":"그룹 3","np":4,"cix":2,"bm":0,"ix":3,"mn":"ADBE Vector Group","hd":false},{"ty":"fl","c":{"a":0,"k":[1,1,1,1],"ix":4},"o":{"a":0,"k":100,"ix":5},"r":1,"bm":0,"nm":"칠 1","mn":"ADBE Vector Graphic - Fill","hd":false}],"ip":20,"op":19800,"st":0,"bm":0},{"ddd":0,"ind":2,"ty":4,"nm":"ic_noise_body_canceling","sr":1,"ks":{"o":{"a":0,"k":100,"ix":11},"r":{"a":0,"k":0,"ix":10},"p":{"a":0,"k":[149,147.5,0],"ix":2,"l":2},"a":{"a":0,"k":[0,0,0],"ix":1,"l":2},"s":{"a":0,"k":[148,148,100],"ix":6,"l":2}},"ao":0,"shapes":[{"ty":"gr","it":[{"ind":0,"ty":"sh","ix":1,"ks":{"a":0,"k":{"i":[[0,0],[0,0]],"o":[[0,0],[0,0]],"v":[[34.956,-34.956],[-34.956,34.956]],"c":false},"ix":2},"nm":"패스 1","mn":"ADBE Vector Shape - Group","hd":false},{"ty":"st","c":{"a":0,"k":[1,1,1,1],"ix":3},"o":{"a":0,"k":100,"ix":4},"w":{"a":0,"k":7.5,"ix":5},"lc":1,"lj":1,"ml":4,"bm":0,"nm":"선 1","mn":"ADBE Vector Graphic - Stroke","hd":false},{"ty":"tr","p":{"a":0,"k":[0,0],"ix":2},"a":{"a":0,"k":[0,0],"ix":1},"s":{"a":0,"k":[100,100],"ix":3},"r":{"a":0,"k":0,"ix":6},"o":{"a":0,"k":100,"ix":7},"sk":{"a":0,"k":0,"ix":4},"sa":{"a":0,"k":0,"ix":5},"nm":"Transform"}],"nm":"대각선","np":3,"cix":2,"bm":0,"ix":1,"mn":"ADBE Vector Group","hd":false},{"d":1,"ty":"el","s":{"a":0,"k":[100,100],"ix":2},"p":{"a":0,"k":[0,0],"ix":3},"nm":"타원 패스 1","mn":"ADBE Vector Shape - Ellipse","hd":false},{"ty":"tm","s":{"a":0,"k":0,"ix":1},"e":{"a":1,"k":[{"i":{"x":[0.667],"y":[1]},"o":{"x":[0.167],"y":[0]},"t":0,"s":[0]},{"t":20,"s":[100]}],"ix":2},"o":{"a":0,"k":0,"ix":3},"m":2,"ix":3,"nm":"패스 다듬어 자르기 1","mn":"ADBE Vector Filter - Trim","hd":false},{"ty":"st","c":{"a":0,"k":[1,1,1,1],"ix":3},"o":{"a":0,"k":100,"ix":4},"w":{"a":0,"k":7.5,"ix":5},"lc":2,"lj":1,"ml":4,"bm":0,"nm":"선 1","mn":"ADBE Vector Graphic - Stroke","hd":false}],"ip":0,"op":25,"st":0,"bm":0},{"ddd":0,"ind":4,"ty":0,"nm":"ic_noise_body_canceling2","refId":"comp_0","sr":1,"ks":{"o":{"a":0,"k":100,"ix":11},"r":{"a":0,"k":0,"ix":10},"p":{"a":0,"k":[150,150,0],"ix":2,"l":2},"a":{"a":0,"k":[150,150,0],"ix":1,"l":2},"s":{"a":0,"k":[100,100,100],"ix":6,"l":2}},"ao":0,"hasMask":true,"masksProperties":[{"inv":false,"mode":"s","pt":{"a":1,"k":[{"i":{"x":0.833,"y":0.833},"o":{"x":0.167,"y":0.167},"t":0,"s":[{"i":[[0,0],[0,0],[0,0],[0,0]],"o":[[0,0],[0,0],[0,0],[0,0]],"v":[[187.5,91],[183.5,94.5],[204,113.5],[209.5,107]],"c":true}]},{"t":6,"s":[{"i":[[0,0],[0,0],[0,0],[0,0]],"o":[[0,0],[0,0],[0,0],[0,0]],"v":[[189,91],[90.5,189],[106.5,207],[209.5,106]],"c":true}]}],"ix":1},"o":{"a":0,"k":100,"ix":3},"x":{"a":0,"k":0,"ix":4},"nm":"마스크 1"}],"w":300,"h":300,"ip":0,"op":25,"st":0,"bm":0},{"ddd":0,"ind":5,"ty":4,"nm":"selected_circle","sr":1,"ks":{"o":{"a":0,"k":100,"ix":11},"r":{"a":0,"k":0,"ix":10},"p":{"a":0,"k":[300,150,0],"ix":2,"l":2},"a":{"a":0,"k":[44.018,22,0],"ix":1,"l":2},"s":{"a":1,"k":[{"i":{"x":[0.667,0.667,0.667],"y":[1,1,1]},"o":{"x":[0.167,0.167,0.167],"y":[0,0,0]},"t":0,"s":[0,0,100]},{"t":10,"s":[681.25,681.25,100]}],"ix":6,"l":2}},"ao":0,"shapes":[{"ty":"gr","it":[{"ind":0,"ty":"sh","ix":1,"ks":{"a":0,"k":{"i":[[-12.15,0],[0,12.15],[12.15,0],[0,-12.15]],"o":[[12.15,0],[0,-12.15],[-12.15,0],[0,12.15]],"v":[[0,22],[22,0],[0,-22],[-22,0]],"c":true},"ix":2},"nm":"패스 1","mn":"ADBE Vector Shape - Group","hd":false},{"ty":"fl","c":{"a":0,"k":[0,0.494117647409,0.870588243008,1],"ix":4},"o":{"a":0,"k":100,"ix":5},"r":1,"bm":0,"nm":"칠 1","mn":"ADBE Vector Graphic - Fill","hd":false},{"ty":"tr","p":{"a":0,"k":[22,22],"ix":2},"a":{"a":0,"k":[0,0],"ix":1},"s":{"a":0,"k":[100,100],"ix":3},"r":{"a":0,"k":0,"ix":6},"o":{"a":0,"k":100,"ix":7},"sk":{"a":0,"k":0,"ix":4},"sa":{"a":0,"k":0,"ix":5},"nm":"Transform"}],"nm":"그룹 7","np":2,"cix":2,"bm":0,"ix":1,"mn":"ADBE Vector Group","hd":false}],"ip":0,"op":19800,"st":0,"bm":0}],"markers":[]}